Time,Treatment.Day,log10.av.ppml,av.ppml,Time.centered,Inoculum.Cohort.ID,Inoculum.Coh.Subject.ID,,,,,,,,,,,,,
5.5,8,2.442488,277.01,-0.697345133,Mefloquine:CH1,Mefloquine:CH1:S001,,,,,,,,,,,,,
6,8,2.854120,714.69,-0.197345133,Mefloquine:CH1,Mefloquine:CH1:S001,,,,,,,,,,,,,
6.5,8,1.505150,32.00,0.302654867,Mefloquine:CH1,Mefloquine:CH1:S001,,,,,,,,,,,,,
7,8,3.367319,2329.80,0.802654867,Mefloquine:CH1,Mefloquine:CH1:S001,,,,,,,,,,,,,
7.5,8,3.786644,6118.49,1.302654867,Mefloquine:CH1,Mefloquine:CH1:S001,,,,,,,,,,,,,
8,8,3.044031,1106.70,1.802654867,Mefloquine:CH1,Mefloquine:CH1:S001,,,,,,,,,,,,,
5,8,1.818500,65.84,-1.197345133,Mefloquine:CH1,Mefloquine:CH1:S006,,,,,,,,,,,,,
5.5,8,2.801809,633.59,-0.697345133,Mefloquine:CH1,Mefloquine:CH1:S006,,,,,,,,,,,,,
6,8,2.498306,315.00,-0.197345133,Mefloquine:CH1,Mefloquine:CH1:S006,,,,,,,,,,,,,
6.5,8,2.162953,145.53,0.302654867,Mefloquine:CH1,Mefloquine:CH1:S006,,,,,,,,,,,,,
8,8,3.755985,5701.45,1.802654867,Mefloquine:CH1,Mefloquine:CH1:S006,,,,,,,,,,,,,
5,8,0.853124,7.13,-1.197345133,Mefloquine:CH1,Mefloquine:CH1:S011,,,,,,,,,,,,,
5.5,8,2.684096,483.17,-0.697345133,Mefloquine:CH1,Mefloquine:CH1:S011,,,,,,,,,,,,,
6,8,2.481858,303.29,-0.197345133,Mefloquine:CH1,Mefloquine:CH1:S011,,,,,,,,,,,,,
6.5,8,2.619259,416.16,0.302654867,Mefloquine:CH1,Mefloquine:CH1:S011,,,,,,,,,,,,,
7,8,3.838058,6887.45,0.802654867,Mefloquine:CH1,Mefloquine:CH1:S011,,,,,,,,,,,,,
7.5,8,3.981254,9577.54,1.302654867,Mefloquine:CH1,Mefloquine:CH1:S011,,,,,,,,,,,,,
8,8,3.375242,2372.69,1.802654867,Mefloquine:CH1,Mefloquine:CH1:S011,,,,,,,,,,,,,
5,8,1.950466,89.22,-1.197345133,Mefloquine:CH1,Mefloquine:CH1:S012,,,,,,,,,,,,,
5.5,8,2.682232,481.10,-0.697345133,Mefloquine:CH1,Mefloquine:CH1:S012,,,,,,,,,,,,,
6,8,2.734394,542.49,-0.197345133,Mefloquine:CH1,Mefloquine:CH1:S012,,,,,,,,,,,,,
6.5,8,2.385884,243.16,0.302654867,Mefloquine:CH1,Mefloquine:CH1:S012,,,,,,,,,,,,,
7.5,8,3.747642,5592.96,1.302654867,Mefloquine:CH1,Mefloquine:CH1:S012,,,,,,,,,,,,,
8,8,3.131137,1352.50,1.802654867,Mefloquine:CH1,Mefloquine:CH1:S012,,,,,,,,,,,,,
5,8,0.925130,8.42,-1.197345133,Mefloquine:CH1,Mefloquine:CH1:S013,,,,,,,,,,,,,
5.5,8,2.763885,580.61,-0.697345133,Mefloquine:CH1,Mefloquine:CH1:S013,,,,,,,,,,,,,
6,8,2.621868,418.67,-0.197345133,Mefloquine:CH1,Mefloquine:CH1:S013,,,,,,,,,,,,,
6.5,8,2.428751,268.38,0.302654867,Mefloquine:CH1,Mefloquine:CH1:S013,,,,,,,,,,,,,
8,8,3.721320,5264.05,1.802654867,Mefloquine:CH1,Mefloquine:CH1:S013,,,,,,,,,,,,,
5,8,2.168703,147.47,-1.197345133,Mefloquine:CH1,Mefloquine:CH1:S014,,,,,,,,,,,,,
5.5,8,2.770345,589.31,-0.697345133,Mefloquine:CH1,Mefloquine:CH1:S014,,,,,,,,,,,,,
6,8,2.434126,271.72,-0.197345133,Mefloquine:CH1,Mefloquine:CH1:S014,,,,,,,,,,,,,
6.5,8,2.364772,231.62,0.302654867,Mefloquine:CH1,Mefloquine:CH1:S014,,,,,,,,,,,,,
8,8,3.653071,4498.54,1.802654867,Mefloquine:CH1,Mefloquine:CH1:S014,,,,,,,,,,,,,
5,8,1.423169,26.50,-1.197345133,Mefloquine:CH2,Mefloquine:CH2:S015,,,,,,,,,,,,,
5.5,8,2.159157,144.26,-0.697345133,Mefloquine:CH2,Mefloquine:CH2:S015,,,,,,,,,,,,,
6,8,2.321943,209.87,-0.197345133,Mefloquine:CH2,Mefloquine:CH2:S015,,,,,,,,,,,,,
6.5,8,2.114405,130.14,0.302654867,Mefloquine:CH2,Mefloquine:CH2:S015,,,,,,,,,,,,,
7,8,2.995900,990.60,0.802654867,Mefloquine:CH2,Mefloquine:CH2:S015,,,,,,,,,,,,,
7.5,8,3.608966,4064.11,1.302654867,Mefloquine:CH2,Mefloquine:CH2:S015,,,,,,,,,,,,,
8,8,2.942386,875.76,1.802654867,Mefloquine:CH2,Mefloquine:CH2:S015,,,,,,,,,,,,,
5,8,0.639377,4.36,-1.197345133,Mefloquine:CH2,Mefloquine:CH2:S016,,,,,,,,,,,,,
5.5,8,1.928425,84.81,-0.697345133,Mefloquine:CH2,Mefloquine:CH2:S016,,,,,,,,,,,,,
6,8,1.693695,49.40,-0.197345133,Mefloquine:CH2,Mefloquine:CH2:S016,,,,,,,,,,,,,
6.5,8,0.752575,5.66,0.302654867,Mefloquine:CH2,Mefloquine:CH2:S016,,,,,,,,,,,,,
7,8,1.963068,91.85,0.802654867,Mefloquine:CH2,Mefloquine:CH2:S016,,,,,,,,,,,,,
7.5,8,3.224257,1675.93,1.302654867,Mefloquine:CH2,Mefloquine:CH2:S016,,,,,,,,,,,,,
8,8,2.512042,325.12,1.802654867,Mefloquine:CH2,Mefloquine:CH2:S016,,,,,,,,,,,,,
4,8,0.680864,4.80,-2.197345133,Mefloquine:CH2,Mefloquine:CH2:S017,,,,,,,,,,,,,
5,8,0.959539,9.11,-1.197345133,Mefloquine:CH2,Mefloquine:CH2:S017,,,,,,,,,,,,,
5.5,8,2.709522,512.30,-0.697345133,Mefloquine:CH2,Mefloquine:CH2:S017,,,,,,,,,,,,,
6,8,2.213093,163.34,-0.197345133,Mefloquine:CH2,Mefloquine:CH2:S017,,,,,,,,,,,,,
6.5,8,1.511214,32.45,0.302654867,Mefloquine:CH2,Mefloquine:CH2:S017,,,,,,,,,,,,,
7,8,2.680992,479.72,0.802654867,Mefloquine:CH2,Mefloquine:CH2:S017,,,,,,,,,,,,,
7.5,8,4.006506,10150.93,1.302654867,Mefloquine:CH2,Mefloquine:CH2:S017,,,,,,,,,,,,,
8,8,3.451063,2825.29,1.802654867,Mefloquine:CH2,Mefloquine:CH2:S017,,,,,,,,,,,,,
4,8,0.745681,5.57,-2.197345133,Mefloquine:CH2,Mefloquine:CH2:S018,,,,,,,,,,,,,
5,8,1.933763,85.85,-1.197345133,Mefloquine:CH2,Mefloquine:CH2:S018,,,,,,,,,,,,,
5.5,8,3.003236,1007.48,-0.697345133,Mefloquine:CH2,Mefloquine:CH2:S018,,,,,,,,,,,,,
6,8,2.399429,250.86,-0.197345133,Mefloquine:CH2,Mefloquine:CH2:S018,,,,,,,,,,,,,
6.5,8,2.643292,439.84,0.302654867,Mefloquine:CH2,Mefloquine:CH2:S018,,,,,,,,,,,,,
7,8,3.701079,5024.34,0.802654867,Mefloquine:CH2,Mefloquine:CH2:S018,,,,,,,,,,,,,
7.5,8,3.975287,9446.85,1.302654867,Mefloquine:CH2,Mefloquine:CH2:S018,,,,,,,,,,,,,
8,8,4.000253,10005.83,1.802654867,Mefloquine:CH2,Mefloquine:CH2:S018,,,,,,,,,,,,,
5,8,1.278754,19.00,-1.197345133,Mefloquine:CH2,Mefloquine:CH2:S019,,,,,,,,,,,,,
5.5,8,2.022074,105.21,-0.697345133,Mefloquine:CH2,Mefloquine:CH2:S019,,,,,,,,,,,,,
6,8,1.710143,51.30,-0.197345133,Mefloquine:CH2,Mefloquine:CH2:S019,,,,,,,,,,,,,
6.5,8,1.414973,26.00,0.302654867,Mefloquine:CH2,Mefloquine:CH2:S019,,,,,,,,,,,,,
7,8,2.727697,534.19,0.802654867,Mefloquine:CH2,Mefloquine:CH2:S019,,,,,,,,,,,,,
7.5,8,3.477579,3003.16,1.302654867,Mefloquine:CH2,Mefloquine:CH2:S019,,,,,,,,,,,,,
8,8,2.190050,154.90,1.802654867,Mefloquine:CH2,Mefloquine:CH2:S019,,,,,,,,,,,,,
5.5,8,2.306921,202.73,-0.697345133,Mefloquine:CH2,Mefloquine:CH2:S020,,,,,,,,,,,,,
6,8,2.482462,303.71,-0.197345133,Mefloquine:CH2,Mefloquine:CH2:S020,,,,,,,,,,,,,
6.5,8,1.368596,23.37,0.302654867,Mefloquine:CH2,Mefloquine:CH2:S020,,,,,,,,,,,,,
7,8,2.725498,531.49,0.802654867,Mefloquine:CH2,Mefloquine:CH2:S020,,,,,,,,,,,,,
7.5,8,3.642872,4394.12,1.302654867,Mefloquine:CH2,Mefloquine:CH2:S020,,,,,,,,,,,,,
8,8,2.282608,191.69,1.802654867,Mefloquine:CH2,Mefloquine:CH2:S020,,,,,,,,,,,,,
5,8,1.414973,26.00,-1.197345133,Mefloquine:CH2,Mefloquine:CH2:S022,,,,,,,,,,,,,
5.5,8,2.270246,186.31,-0.697345133,Mefloquine:CH2,Mefloquine:CH2:S022,,,,,,,,,,,,,
6,8,2.135130,136.50,-0.197345133,Mefloquine:CH2,Mefloquine:CH2:S022,,,,,,,,,,,,,
6.5,8,0.671211,4.69,0.302654867,Mefloquine:CH2,Mefloquine:CH2:S022,,,,,,,,,,,,,
7,8,3.411935,2581.87,0.802654867,Mefloquine:CH2,Mefloquine:CH2:S022,,,,,,,,,,,,,
7.5,8,3.755013,5688.70,1.302654867,Mefloquine:CH2,Mefloquine:CH2:S022,,,,,,,,,,,,,
8,8,2.747760,559.45,1.802654867,Mefloquine:CH2,Mefloquine:CH2:S022,,,,,,,,,,,,,
5,8,1.755875,57.00,-1.197345133,Mefloquine:CH2,Mefloquine:CH2:S025,,,,,,,,,,,,,
5.5,8,1.659032,45.61,-0.697345133,Mefloquine:CH2,Mefloquine:CH2:S025,,,,,,,,,,,,,
6,8,1.938542,86.80,-0.197345133,Mefloquine:CH2,Mefloquine:CH2:S025,,,,,,,,,,,,,
7,8,2.496894,313.97,0.802654867,Mefloquine:CH2,Mefloquine:CH2:S025,,,,,,,,,,,,,
7.5,8,2.593235,391.95,1.302654867,Mefloquine:CH2,Mefloquine:CH2:S025,,,,,,,,,,,,,
8,8,1.476589,29.96,1.802654867,Mefloquine:CH2,Mefloquine:CH2:S025,,,,,,,,,,,,,
6,8,1.663577,46.09,-0.197345133,Mefloquine:CH3,Mefloquine:CH3:S028,,,,,,,,,,,,,
6.5,8,1.351215,22.45,0.302654867,Mefloquine:CH3,Mefloquine:CH3:S028,,,,,,,,,,,,,
7,8,3.313962,2060.45,0.802654867,Mefloquine:CH3,Mefloquine:CH3:S028,,,,,,,,,,,,,
7.5,8,2.931294,853.68,1.302654867,Mefloquine:CH3,Mefloquine:CH3:S028,,,,,,,,,,,,,
8,8,2.892027,779.88,1.802654867,Mefloquine:CH3,Mefloquine:CH3:S028,,,,,,,,,,,,,
6,8,2.270877,186.59,-0.197345133,Mefloquine:CH3,Mefloquine:CH3:S032,,,,,,,,,,,,,
6.5,8,2.701333,502.73,0.302654867,Mefloquine:CH3,Mefloquine:CH3:S032,,,,,,,,,,,,,
7,8,4.186486,15363.34,0.802654867,Mefloquine:CH3,Mefloquine:CH3:S032,,,,,,,,,,,,,
7.5,8,3.833011,6807.86,1.302654867,Mefloquine:CH3,Mefloquine:CH3:S032,,,,,,,,,,,,,
8,8,4.014388,10336.84,1.802654867,Mefloquine:CH3,Mefloquine:CH3:S032,,,,,,,,,,,,,
6,8,2.413258,258.97,-0.197345133,Mefloquine:CH3,Mefloquine:CH3:S033,,,,,,,,,,,,,
6.5,8,2.338017,217.78,0.302654867,Mefloquine:CH3,Mefloquine:CH3:S033,,,,,,,,,,,,,
7,8,3.470282,2953.12,0.802654867,Mefloquine:CH3,Mefloquine:CH3:S033,,,,,,,,,,,,,
7.5,8,3.448669,2809.76,1.302654867,Mefloquine:CH3,Mefloquine:CH3:S033,,,,,,,,,,,,,
8,8,3.670908,4687.15,1.802654867,Mefloquine:CH3,Mefloquine:CH3:S033,,,,,,,,,,,,,
6,8,2.535632,343.27,-0.197345133,Mefloquine:CH3,Mefloquine:CH3:S035,,,,,,,,,,,,,
6.5,8,1.908650,81.03,0.302654867,Mefloquine:CH3,Mefloquine:CH3:S035,,,,,,,,,,,,,
7,8,3.070975,1177.54,0.802654867,Mefloquine:CH3,Mefloquine:CH3:S035,,,,,,,,,,,,,
7.5,8,3.668455,4660.74,1.302654867,Mefloquine:CH3,Mefloquine:CH3:S035,,,,,,,,,,,,,
8,8,2.918354,828.62,1.802654867,Mefloquine:CH3,Mefloquine:CH3:S035,,,,,,,,,,,,,
6,8,1.907090,80.74,-0.197345133,Mefloquine:CH3,Mefloquine:CH3:S036,,,,,,,,,,,,,
6.5,8,2.305090,201.88,0.302654867,Mefloquine:CH3,Mefloquine:CH3:S036,,,,,,,,,,,,,
7,8,3.039384,1094.92,0.802654867,Mefloquine:CH3,Mefloquine:CH3:S036,,,,,,,,,,,,,
7.5,8,3.168950,1475.54,1.302654867,Mefloquine:CH3,Mefloquine:CH3:S036,,,,,,,,,,,,,
8,8,3.310738,2045.21,1.802654867,Mefloquine:CH3,Mefloquine:CH3:S036,,,,,,,,,,,,,
6,8,2.320856,209.34,-0.197345133,Mefloquine:CH3,Mefloquine:CH3:S038,,,,,,,,,,,,,
6.5,8,1.505150,32.00,0.302654867,Mefloquine:CH3,Mefloquine:CH3:S038,,,,,,,,,,,,,
7,8,2.948852,888.90,0.802654867,Mefloquine:CH3,Mefloquine:CH3:S038,,,,,,,,,,,,,
7.5,8,3.178440,1508.13,1.302654867,Mefloquine:CH3,Mefloquine:CH3:S038,,,,,,,,,,,,,
8,8,2.362372,230.34,1.802654867,Mefloquine:CH3,Mefloquine:CH3:S038,,,,,,,,,,,,,
6,8,0.903090,8.00,-0.197345133,Mefloquine:CH3,Mefloquine:CH3:S041,,,,,,,,,,,,,
6.5,8,1.505150,32.00,0.302654867,Mefloquine:CH3,Mefloquine:CH3:S041,,,,,,,,,,,,,
7,8,3.029444,1070.15,0.802654867,Mefloquine:CH3,Mefloquine:CH3:S041,,,,,,,,,,,,,
7.5,8,2.903989,801.66,1.302654867,Mefloquine:CH3,Mefloquine:CH3:S041,,,,,,,,,,,,,
8,8,3.128277,1343.62,1.802654867,Mefloquine:CH3,Mefloquine:CH3:S041,,,,,,,,,,,,,
6,9,1.982413,96.03,-0.197345133,Mefloquine:CH3,Mefloquine:CH3:S042,,,,,,,,,,,,,
6.5,9,0.588046,3.87,0.302654867,Mefloquine:CH3,Mefloquine:CH3:S042,,,,,,,,,,,,,
7,9,2.386513,243.51,0.802654867,Mefloquine:CH3,Mefloquine:CH3:S042,,,,,,,,,,,,,
7.5,9,2.554093,358.17,1.302654867,Mefloquine:CH3,Mefloquine:CH3:S042,,,,,,,,,,,,,
8,9,2.226062,168.29,1.802654867,Mefloquine:CH3,Mefloquine:CH3:S042,,,,,,,,,,,,,
8.5,9,3.621668,4184.73,2.302654867,Mefloquine:CH3,Mefloquine:CH3:S042,,,,,,,,,,,,,
9,9,4.042395,11025.41,2.802654867,Mefloquine:CH3,Mefloquine:CH3:S042,,,,,,,,,,,,,
6,8,1.871990,74.47,-0.197345133,OZ439:CH1,OZ439:CH1:S001,,,,,,,,,,,,,
6.5,8,2.248043,177.03,0.302654867,OZ439:CH1,OZ439:CH1:S001,,,,,,,,,,,,,
7,8,3.981464,9582.18,0.802654867,OZ439:CH1,OZ439:CH1:S001,,,,,,,,,,,,,
7.5,8,3.697924,4987.98,1.302654867,OZ439:CH1,OZ439:CH1:S001,,,,,,,,,,,,,
8,8,3.722291,5275.83,1.802654867,OZ439:CH1,OZ439:CH1:S001,,,,,,,,,,,,,
6,8,1.989204,97.54,-0.197345133,OZ439:CH1,OZ439:CH1:S005,,,,,,,,,,,,,
6.5,8,1.669626,46.73,0.302654867,OZ439:CH1,OZ439:CH1:S005,,,,,,,,,,,,,
7,8,3.461605,2894.71,0.802654867,OZ439:CH1,OZ439:CH1:S005,,,,,,,,,,,,,
7.5,8,3.217136,1648.68,1.302654867,OZ439:CH1,OZ439:CH1:S005,,,,,,,,,,,,,
8,8,3.305384,2020.15,1.802654867,OZ439:CH1,OZ439:CH1:S005,,,,,,,,,,,,,
6,8,2.241008,174.18,-0.197345133,OZ439:CH1,OZ439:CH1:S009,,,,,,,,,,,,,
6.5,8,2.309933,204.14,0.302654867,OZ439:CH1,OZ439:CH1:S009,,,,,,,,,,,,,
7,8,3.753805,5672.90,0.802654867,OZ439:CH1,OZ439:CH1:S009,,,,,,,,,,,,,
7.5,8,3.734201,5422.52,1.302654867,OZ439:CH1,OZ439:CH1:S009,,,,,,,,,,,,,
8,8,3.755808,5699.12,1.802654867,OZ439:CH1,OZ439:CH1:S009,,,,,,,,,,,,,
6,8,1.728714,53.54,-0.197345133,OZ439:CH1,OZ439:CH1:S011,,,,,,,,,,,,,
6.5,8,2.729583,536.52,0.302654867,OZ439:CH1,OZ439:CH1:S011,,,,,,,,,,,,,
7,8,3.495046,3126.41,0.802654867,OZ439:CH1,OZ439:CH1:S011,,,,,,,,,,,,,
7.5,8,3.409540,2567.67,1.302654867,OZ439:CH1,OZ439:CH1:S011,,,,,,,,,,,,,
8,8,2.557756,361.21,1.802654867,OZ439:CH1,OZ439:CH1:S011,,,,,,,,,,,,,
6,8,2.374249,236.73,-0.197345133,OZ439:CH1,OZ439:CH1:S012,,,,,,,,,,,,,
6.5,8,2.940199,871.36,0.302654867,OZ439:CH1,OZ439:CH1:S012,,,,,,,,,,,,,
7,8,4.252144,17870.80,0.802654867,OZ439:CH1,OZ439:CH1:S012,,,,,,,,,,,,,
7.5,8,4.271690,18693.49,1.302654867,OZ439:CH1,OZ439:CH1:S012,,,,,,,,,,,,,
8,8,3.755354,5693.17,1.802654867,OZ439:CH1,OZ439:CH1:S012,,,,,,,,,,,,,
6,8,1.989204,97.54,-0.197345133,OZ439:CH1,OZ439:CH1:S013,,,,,,,,,,,,,
6.5,8,2.814227,651.97,0.302654867,OZ439:CH1,OZ439:CH1:S013,,,,,,,,,,,,,
7,8,3.921963,8355.31,0.802654867,OZ439:CH1,OZ439:CH1:S013,,,,,,,,,,,,,
7.5,8,3.979432,9537.45,1.302654867,OZ439:CH1,OZ439:CH1:S013,,,,,,,,,,,,,
8,8,3.868592,7389.11,1.802654867,OZ439:CH1,OZ439:CH1:S013,,,,,,,,,,,,,
6,8,2.336003,216.77,-0.197345133,OZ439:CH1,OZ439:CH1:S017,,,,,,,,,,,,,
6.5,8,1.991948,98.16,0.302654867,OZ439:CH1,OZ439:CH1:S017,,,,,,,,,,,,,
7,8,3.391611,2463.83,0.802654867,OZ439:CH1,OZ439:CH1:S017,,,,,,,,,,,,,
7.5,8,3.720670,5256.17,1.302654867,OZ439:CH1,OZ439:CH1:S017,,,,,,,,,,,,,
8,8,3.182163,1521.12,1.802654867,OZ439:CH1,OZ439:CH1:S017,,,,,,,,,,,,,
6,8,2.077273,119.47,-0.197345133,OZ439:CH1,OZ439:CH1:S018,,,,,,,,,,,,,
6.5,8,1.940806,87.26,0.302654867,OZ439:CH1,OZ439:CH1:S018,,,,,,,,,,,,,
7,8,3.373161,2361.35,0.802654867,OZ439:CH1,OZ439:CH1:S018,,,,,,,,,,,,,
7.5,8,3.805638,6392.01,1.302654867,OZ439:CH1,OZ439:CH1:S018,,,,,,,,,,,,,
8,8,2.971903,937.35,1.802654867,OZ439:CH1,OZ439:CH1:S018,,,,,,,,,,,,,
6,8,1.603683,40.15,-0.197345133,OZ439:CH2,OZ439:CH2:S024,,,,,,,,,,,,,
6.5,8,1.479521,30.17,0.302654867,OZ439:CH2,OZ439:CH2:S024,,,,,,,,,,,,,
7,8,2.169348,147.69,0.802654867,OZ439:CH2,OZ439:CH2:S024,,,,,,,,,,,,,
7.5,8,3.086974,1221.73,1.302654867,OZ439:CH2,OZ439:CH2:S024,,,,,,,,,,,,,
8,8,2.560229,363.27,1.802654867,OZ439:CH2,OZ439:CH2:S024,,,,,,,,,,,,,
6,8,2.351073,224.43,-0.197345133,OZ439:CH2,OZ439:CH2:S025,,,,,,,,,,,,,
6.5,8,2.524654,334.70,0.302654867,OZ439:CH2,OZ439:CH2:S025,,,,,,,,,,,,,
7,8,3.095778,1246.75,0.802654867,OZ439:CH2,OZ439:CH2:S025,,,,,,,,,,,,,
7.5,8,3.810953,6470.73,1.302654867,OZ439:CH2,OZ439:CH2:S025,,,,,,,,,,,,,
8,8,3.811960,6485.75,1.802654867,OZ439:CH2,OZ439:CH2:S025,,,,,,,,,,,,,
6,8,2.434469,271.94,-0.197345133,OZ439:CH2,OZ439:CH2:S026,,,,,,,,,,,,,
6.5,8,2.294393,196.97,0.302654867,OZ439:CH2,OZ439:CH2:S026,,,,,,,,,,,,,
7,8,2.992402,982.66,0.802654867,OZ439:CH2,OZ439:CH2:S026,,,,,,,,,,,,,
7.5,8,3.683705,4827.30,1.302654867,OZ439:CH2,OZ439:CH2:S026,,,,,,,,,,,,,
8,8,3.454789,2849.63,1.802654867,OZ439:CH2,OZ439:CH2:S026,,,,,,,,,,,,,
6,8,2.689003,488.66,-0.197345133,OZ439:CH2,OZ439:CH2:S027,,,,,,,,,,,,,
6.5,8,3.502346,3179.40,0.302654867,OZ439:CH2,OZ439:CH2:S027,,,,,,,,,,,,,
7,8,3.660295,4573.99,0.802654867,OZ439:CH2,OZ439:CH2:S027,,,,,,,,,,,,,
7.5,8,4.001449,10033.43,1.302654867,OZ439:CH2,OZ439:CH2:S027,,,,,,,,,,,,,
8,8,4.379478,23959.54,1.802654867,OZ439:CH2,OZ439:CH2:S027,,,,,,,,,,,,,
6,8,2.888156,772.96,-0.197345133,OZ439:CH2,OZ439:CH2:S028,,,,,,,,,,,,,
6.5,8,2.821702,663.29,0.302654867,OZ439:CH2,OZ439:CH2:S028,,,,,,,,,,,,,
7,8,3.456834,2863.08,0.802654867,OZ439:CH2,OZ439:CH2:S028,,,,,,,,,,,,,
7.5,8,4.149523,14109.86,1.302654867,OZ439:CH2,OZ439:CH2:S028,,,,,,,,,,,,,
8,8,3.697841,4987.02,1.802654867,OZ439:CH2,OZ439:CH2:S028,,,,,,,,,,,,,
6,8,2.025229,105.98,-0.197345133,OZ439:CH2,OZ439:CH2:S029,,,,,,,,,,,,,
6.5,8,2.350490,224.12,0.302654867,OZ439:CH2,OZ439:CH2:S029,,,,,,,,,,,,,
7,8,3.261535,1826.14,0.802654867,OZ439:CH2,OZ439:CH2:S029,,,,,,,,,,,,,
7.5,8,3.437272,2736.98,1.302654867,OZ439:CH2,OZ439:CH2:S029,,,,,,,,,,,,,
8,8,3.622025,4188.17,1.802654867,OZ439:CH2,OZ439:CH2:S029,,,,,,,,,,,,,
6,8,2.142914,138.97,-0.197345133,OZ439:CH2,OZ439:CH2:S031,,,,,,,,,,,,,
6.5,8,2.365955,232.25,0.302654867,OZ439:CH2,OZ439:CH2:S031,,,,,,,,,,,,,
7,8,2.881366,760.97,0.802654867,OZ439:CH2,OZ439:CH2:S031,,,,,,,,,,,,,
7.5,8,3.521135,3319.97,1.302654867,OZ439:CH2,OZ439:CH2:S031,,,,,,,,,,,,,
8,8,3.798747,6291.39,1.802654867,OZ439:CH2,OZ439:CH2:S031,,,,,,,,,,,,,
6,8,2.423169,264.95,-0.197345133,OZ439:CH2,OZ439:CH2:S032,,,,,,,,,,,,,
6.5,8,2.045376,111.01,0.302654867,OZ439:CH2,OZ439:CH2:S032,,,,,,,,,,,,,
7,8,2.909930,812.70,0.802654867,OZ439:CH2,OZ439:CH2:S032,,,,,,,,,,,,,
7.5,8,3.640572,4370.91,1.302654867,OZ439:CH2,OZ439:CH2:S032,,,,,,,,,,,,,
8,8,4.069131,11725.49,1.802654867,OZ439:CH2,OZ439:CH2:S032,,,,,,,,,,,,,
5,7,2.688632,488.24,-1.197345133,OZ439:CH3,OZ439:CH3:S035,,,,,,,,,,,,,
6,7,1.927214,84.57,-0.197345133,OZ439:CH3,OZ439:CH3:S035,,,,,,,,,,,,,
6.5,7,3.914498,8212.94,0.302654867,OZ439:CH3,OZ439:CH3:S035,,,,,,,,,,,,,
7,7,3.741730,5517.35,0.802654867,OZ439:CH3,OZ439:CH3:S035,,,,,,,,,,,,,
4,7,1.554748,35.87,-2.197345133,OZ439:CH3,OZ439:CH3:S036,,,,,,,,,,,,,
5,7,2.246317,176.33,-1.197345133,OZ439:CH3,OZ439:CH3:S036,,,,,,,,,,,,,
6,7,1.505150,32.00,-0.197345133,OZ439:CH3,OZ439:CH3:S036,,,,,,,,,,,,,
6.5,7,3.195547,1568.73,0.302654867,OZ439:CH3,OZ439:CH3:S036,,,,,,,,,,,,,
7,7,3.143666,1392.09,0.802654867,OZ439:CH3,OZ439:CH3:S036,,,,,,,,,,,,,
4,7,1.845320,70.04,-2.197345133,OZ439:CH3,OZ439:CH3:S037,,,,,,,,,,,,,
5,7,2.734793,542.99,-1.197345133,OZ439:CH3,OZ439:CH3:S037,,,,,,,,,,,,,
6,7,2.150461,141.40,-0.197345133,OZ439:CH3,OZ439:CH3:S037,,,,,,,,,,,,,
6.5,7,3.456125,2858.42,0.302654867,OZ439:CH3,OZ439:CH3:S037,,,,,,,,,,,,,
7,7,3.814657,6526.15,0.802654867,OZ439:CH3,OZ439:CH3:S037,,,,,,,,,,,,,
5,7,2.433982,271.63,-1.197345133,OZ439:CH3,OZ439:CH3:S038,,,,,,,,,,,,,
6,7,0.751820,5.65,-0.197345133,OZ439:CH3,OZ439:CH3:S038,,,,,,,,,,,,,
6.5,7,2.963643,919.69,0.302654867,OZ439:CH3,OZ439:CH3:S038,,,,,,,,,,,,,
7,7,3.488963,3082.92,0.802654867,OZ439:CH3,OZ439:CH3:S038,,,,,,,,,,,,,
4,7,1.694672,49.51,-2.197345133,OZ439:CH3,OZ439:CH3:S045,,,,,,,,,,,,,
5,7,2.704162,506.01,-1.197345133,OZ439:CH3,OZ439:CH3:S045,,,,,,,,,,,,,
6,7,0.690106,4.90,-0.197345133,OZ439:CH3,OZ439:CH3:S045,,,,,,,,,,,,,
6.5,7,3.440324,2756.29,0.302654867,OZ439:CH3,OZ439:CH3:S045,,,,,,,,,,,,,
7,7,3.528344,3375.55,0.802654867,OZ439:CH3,OZ439:CH3:S045,,,,,,,,,,,,,
5,7,2.297324,198.30,-1.197345133,OZ439:CH3,OZ439:CH3:S047,,,,,,,,,,,,,
6,7,1.505150,32.00,-0.197345133,OZ439:CH3,OZ439:CH3:S047,,,,,,,,,,,,,
6.5,7,3.890956,7779.57,0.302654867,OZ439:CH3,OZ439:CH3:S047,,,,,,,,,,,,,
7,7,4.011891,10277.57,0.802654867,OZ439:CH3,OZ439:CH3:S047,,,,,,,,,,,,,
5,7,2.132487,135.67,-1.197345133,OZ439:CH3,OZ439:CH3:S048,,,,,,,,,,,,,
6,7,0.703236,5.05,-0.197345133,OZ439:CH3,OZ439:CH3:S048,,,,,,,,,,,,,
6.5,7,2.966370,925.49,0.302654867,OZ439:CH3,OZ439:CH3:S048,,,,,,,,,,,,,
7,7,2.976000,946.24,0.802654867,OZ439:CH3,OZ439:CH3:S048,,,,,,,,,,,,,
4,7,0.752575,5.66,-2.197345133,OZ439:CH3,OZ439:CH3:S049,,,,,,,,,,,,,
5,7,2.416497,260.91,-1.197345133,OZ439:CH3,OZ439:CH3:S049,,,,,,,,,,,,,
6,7,1.505150,32.00,-0.197345133,OZ439:CH3,OZ439:CH3:S049,,,,,,,,,,,,,
6.5,7,3.785620,6104.07,0.302654867,OZ439:CH3,OZ439:CH3:S049,,,,,,,,,,,,,
7,7,3.828469,6737.03,0.802654867,OZ439:CH3,OZ439:CH3:S049,,,,,,,,,,,,,
5,8,1.511832,32.50,-1.197345133,DSM265:CH1,DSM265:CH1:S1056,,,,,,,,,,,,,
6,8,0.690106,4.90,-0.197345133,DSM265:CH1,DSM265:CH1:S1056,,,,,,,,,,,,,
6.5,8,2.522374,332.95,0.302654867,DSM265:CH1,DSM265:CH1:S1056,,,,,,,,,,,,,
7,8,3.192833,1558.95,0.802654867,DSM265:CH1,DSM265:CH1:S1056,,,,,,,,,,,,,
7.5,8,3.207333,1611.88,1.302654867,DSM265:CH1,DSM265:CH1:S1056,,,,,,,,,,,,,
8,8,3.406154,2547.73,1.802654867,DSM265:CH1,DSM265:CH1:S1056,,,,,,,,,,,,,
5,8,1.801680,63.34,-1.197345133,DSM265:CH1,DSM265:CH1:S1057,,,,,,,,,,,,,
6,8,1.735646,54.41,-0.197345133,DSM265:CH1,DSM265:CH1:S1057,,,,,,,,,,,,,
6.5,8,2.588732,387.91,0.302654867,DSM265:CH1,DSM265:CH1:S1057,,,,,,,,,,,,,
7,8,3.755404,5693.83,0.802654867,DSM265:CH1,DSM265:CH1:S1057,,,,,,,,,,,,,
7.5,8,3.537431,3446.92,1.302654867,DSM265:CH1,DSM265:CH1:S1057,,,,,,,,,,,,,
8,8,3.889804,7758.98,1.802654867,DSM265:CH1,DSM265:CH1:S1057,,,,,,,,,,,,,
4,8,1.565649,36.78,-2.197345133,DSM265:CH1,DSM265:CH1:S1058,,,,,,,,,,,,,
5,8,1.883801,76.52,-1.197345133,DSM265:CH1,DSM265:CH1:S1058,,,,,,,,,,,,,
6,8,1.505150,32.00,-0.197345133,DSM265:CH1,DSM265:CH1:S1058,,,,,,,,,,,,,
6.5,8,1.995635,99.00,0.302654867,DSM265:CH1,DSM265:CH1:S1058,,,,,,,,,,,,,
7,8,3.716940,5211.22,0.802654867,DSM265:CH1,DSM265:CH1:S1058,,,,,,,,,,,,,
7.5,8,3.181491,1518.77,1.302654867,DSM265:CH1,DSM265:CH1:S1058,,,,,,,,,,,,,
8,8,3.939901,8707.66,1.802654867,DSM265:CH1,DSM265:CH1:S1058,,,,,,,,,,,,,
5,8,1.939261,86.95,-1.197345133,DSM265:CH1,DSM265:CH1:S1059,,,,,,,,,,,,,
6,8,1.992578,98.31,-0.197345133,DSM265:CH1,DSM265:CH1:S1059,,,,,,,,,,,,,
6.5,8,2.626219,422.88,0.302654867,DSM265:CH1,DSM265:CH1:S1059,,,,,,,,,,,,,
7,8,3.471483,2961.30,0.802654867,DSM265:CH1,DSM265:CH1:S1059,,,,,,,,,,,,,
7.5,8,3.080240,1202.93,1.302654867,DSM265:CH1,DSM265:CH1:S1059,,,,,,,,,,,,,
8,8,3.219492,1657.65,1.802654867,DSM265:CH1,DSM265:CH1:S1059,,,,,,,,,,,,,
4,8,0.885426,7.68,-2.197345133,DSM265:CH1,DSM265:CH1:S1060,,,,,,,,,,,,,
5,8,0.831379,6.78,-1.197345133,DSM265:CH1,DSM265:CH1:S1060,,,,,,,,,,,,,
6,8,1.645906,44.25,-0.197345133,DSM265:CH1,DSM265:CH1:S1060,,,,,,,,,,,,,
6.5,8,2.715682,519.62,0.302654867,DSM265:CH1,DSM265:CH1:S1060,,,,,,,,,,,,,
7,8,3.484612,3052.20,0.802654867,DSM265:CH1,DSM265:CH1:S1060,,,,,,,,,,,,,
7.5,8,3.250701,1781.15,1.302654867,DSM265:CH1,DSM265:CH1:S1060,,,,,,,,,,,,,
8,8,3.275447,1885.59,1.802654867,DSM265:CH1,DSM265:CH1:S1060,,,,,,,,,,,,,
5,8,2.004619,101.07,-1.197345133,DSM265:CH2,DSM265:CH2:S1064,,,,,,,,,,,,,
6,8,2.141820,138.62,-0.197345133,DSM265:CH2,DSM265:CH2:S1064,,,,,,,,,,,,,
6.5,8,2.817754,657.29,0.302654867,DSM265:CH2,DSM265:CH2:S1064,,,,,,,,,,,,,
7,8,3.845205,7001.73,0.802654867,DSM265:CH2,DSM265:CH2:S1064,,,,,,,,,,,,,
7.5,8,3.450405,2821.01,1.302654867,DSM265:CH2,DSM265:CH2:S1064,,,,,,,,,,,,,
8,8,3.933907,8588.30,1.802654867,DSM265:CH2,DSM265:CH2:S1064,,,,,,,,,,,,,
4,8,0.752575,5.66,-2.197345133,DSM265:CH2,DSM265:CH2:S1065,,,,,,,,,,,,,
5,8,2.269820,186.13,-1.197345133,DSM265:CH2,DSM265:CH2:S1065,,,,,,,,,,,,,
6,8,1.928666,84.85,-0.197345133,DSM265:CH2,DSM265:CH2:S1065,,,,,,,,,,,,,
6.5,8,2.889530,775.41,0.302654867,DSM265:CH2,DSM265:CH2:S1065,,,,,,,,,,,,,
7,8,3.859151,7230.21,0.802654867,DSM265:CH2,DSM265:CH2:S1065,,,,,,,,,,,,,
7.5,8,3.169497,1477.40,1.302654867,DSM265:CH2,DSM265:CH2:S1065,,,,,,,,,,,,,
8,8,4.123064,13275.90,1.802654867,DSM265:CH2,DSM265:CH2:S1065,,,,,,,,,,,,,
5,8,1.831473,67.84,-1.197345133,DSM265:CH2,DSM265:CH2:S1068,,,,,,,,,,,,,
6,8,1.505150,32.00,-0.197345133,DSM265:CH2,DSM265:CH2:S1068,,,,,,,,,,,,,
6.5,8,2.741165,551.02,0.302654867,DSM265:CH2,DSM265:CH2:S1068,,,,,,,,,,,,,
7,8,3.419716,2628.55,0.802654867,DSM265:CH2,DSM265:CH2:S1068,,,,,,,,,,,,,
7.5,8,2.303325,201.06,1.302654867,DSM265:CH2,DSM265:CH2:S1068,,,,,,,,,,,,,
8,8,3.552272,3566.74,1.802654867,DSM265:CH2,DSM265:CH2:S1068,,,,,,,,,,,,,
5,8,2.914228,820.78,-1.197345133,DSM265:CH2,DSM265:CH2:S1070,,,,,,,,,,,,,
6,8,2.038393,109.24,-0.197345133,DSM265:CH2,DSM265:CH2:S1070,,,,,,,,,,,,,
6.5,8,3.140908,1383.27,0.302654867,DSM265:CH2,DSM265:CH2:S1070,,,,,,,,,,,,,
7,8,4.215791,16435.81,0.802654867,DSM265:CH2,DSM265:CH2:S1070,,,,,,,,,,,,,
7.5,8,3.544004,3499.48,1.302654867,DSM265:CH2,DSM265:CH2:S1070,,,,,,,,,,,,,
8,8,4.560606,36358.52,1.802654867,DSM265:CH2,DSM265:CH2:S1070,,,,,,,,,,,,,
4,7,0.836049,6.86,-2.197345133,Piperaquine:CH1,Piperaquine:CH1:S003,,,,,,,,,,,,,
5,7,1.966870,92.66,-1.197345133,Piperaquine:CH1,Piperaquine:CH1:S003,,,,,,,,,,,,,
5.5,7,2.214884,164.02,-0.697345133,Piperaquine:CH1,Piperaquine:CH1:S003,,,,,,,,,,,,,
6,7,2.022211,105.25,-0.197345133,Piperaquine:CH1,Piperaquine:CH1:S003,,,,,,,,,,,,,
6.5,7,2.966429,925.61,0.302654867,Piperaquine:CH1,Piperaquine:CH1:S003,,,,,,,,,,,,,
7,7,3.669234,4669.11,0.802654867,Piperaquine:CH1,Piperaquine:CH1:S003,,,,,,,,,,,,,
4,7,0.889076,7.75,-2.197345133,Piperaquine:CH1,Piperaquine:CH1:S008,,,,,,,,,,,,,
5,7,2.665200,462.59,-1.197345133,Piperaquine:CH1,Piperaquine:CH1:S008,,,,,,,,,,,,,
5.5,7,2.519159,330.49,-0.697345133,Piperaquine:CH1,Piperaquine:CH1:S008,,,,,,,,,,,,,
6,7,2.206348,160.82,-0.197345133,Piperaquine:CH1,Piperaquine:CH1:S008,,,,,,,,,,,,,
6.5,7,3.436689,2733.31,0.302654867,Piperaquine:CH1,Piperaquine:CH1:S008,,,,,,,,,,,,,
7,7,4.093848,12412.17,0.802654867,Piperaquine:CH1,Piperaquine:CH1:S008,,,,,,,,,,,,,
5,7,1.401045,25.18,-1.197345133,Piperaquine:CH1,Piperaquine:CH1:S011,,,,,,,,,,,,,
5.5,7,1.505150,32.00,-0.697345133,Piperaquine:CH1,Piperaquine:CH1:S011,,,,,,,,,,,,,
6,7,2.769193,587.75,-0.197345133,Piperaquine:CH1,Piperaquine:CH1:S011,,,,,,,,,,,,,
6.5,7,3.814613,6525.48,0.302654867,Piperaquine:CH1,Piperaquine:CH1:S011,,,,,,,,,,,,,
7,7,4.569092,37075.96,0.802654867,Piperaquine:CH1,Piperaquine:CH1:S011,,,,,,,,,,,,,
4,7,1.331379,21.45,-2.197345133,Piperaquine:CH1,Piperaquine:CH1:S012,,,,,,,,,,,,,
5,7,2.804002,636.80,-1.197345133,Piperaquine:CH1,Piperaquine:CH1:S012,,,,,,,,,,,,,
5.5,7,3.089180,1227.95,-0.697345133,Piperaquine:CH1,Piperaquine:CH1:S012,,,,,,,,,,,,,
6,7,1.791826,61.92,-0.197345133,Piperaquine:CH1,Piperaquine:CH1:S012,,,,,,,,,,,,,
6.5,7,3.942070,8751.26,0.302654867,Piperaquine:CH1,Piperaquine:CH1:S012,,,,,,,,,,,,,
7,7,4.321630,20971.55,0.802654867,Piperaquine:CH1,Piperaquine:CH1:S012,,,,,,,,,,,,,
4,7,0.866197,7.35,-2.197345133,Piperaquine:CH1,Piperaquine:CH1:S013,,,,,,,,,,,,,
5,7,2.346432,222.04,-1.197345133,Piperaquine:CH1,Piperaquine:CH1:S013,,,,,,,,,,,,,
5.5,7,2.872425,745.46,-0.697345133,Piperaquine:CH1,Piperaquine:CH1:S013,,,,,,,,,,,,,
6,7,0.745681,5.57,-0.197345133,Piperaquine:CH1,Piperaquine:CH1:S013,,,,,,,,,,,,,
6.5,7,3.553069,3573.29,0.302654867,Piperaquine:CH1,Piperaquine:CH1:S013,,,,,,,,,,,,,
7,7,4.013371,10312.66,0.802654867,Piperaquine:CH1,Piperaquine:CH1:S013,,,,,,,,,,,,,
4,8,1.474206,29.80,-2.197345133,Piperaquine:CH2,Piperaquine:CH2:S016,,,,,,,,,,,,,
5,8,1.853017,71.29,-1.197345133,Piperaquine:CH2,Piperaquine:CH2:S016,,,,,,,,,,,,,
5.5,8,2.254144,179.53,-0.697345133,Piperaquine:CH2,Piperaquine:CH2:S016,,,,,,,,,,,,,
6,8,1.505150,32.00,-0.197345133,Piperaquine:CH2,Piperaquine:CH2:S016,,,,,,,,,,,,,
6.5,8,2.989086,975.18,0.302654867,Piperaquine:CH2,Piperaquine:CH2:S016,,,,,,,,,,,,,
7,8,3.316682,2073.39,0.802654867,Piperaquine:CH2,Piperaquine:CH2:S016,,,,,,,,,,,,,
7.5,8,2.066178,116.46,1.302654867,Piperaquine:CH2,Piperaquine:CH2:S016,,,,,,,,,,,,,
8,8,3.861802,7274.48,1.802654867,Piperaquine:CH2,Piperaquine:CH2:S016,,,,,,,,,,,,,
5,8,1.621271,41.81,-1.197345133,Piperaquine:CH2,Piperaquine:CH2:S017,,,,,,,,,,,,,
5.5,8,2.133586,136.01,-0.697345133,Piperaquine:CH2,Piperaquine:CH2:S017,,,,,,,,,,,,,
6,8,0.889076,7.75,-0.197345133,Piperaquine:CH2,Piperaquine:CH2:S017,,,,,,,,,,,,,
6.5,8,2.026309,106.24,0.302654867,Piperaquine:CH2,Piperaquine:CH2:S017,,,,,,,,,,,,,
7,8,3.109318,1286.23,0.802654867,Piperaquine:CH2,Piperaquine:CH2:S017,,,,,,,,,,,,,
7.5,8,2.838410,689.30,1.302654867,Piperaquine:CH2,Piperaquine:CH2:S017,,,,,,,,,,,,,
8,8,3.504951,3198.53,1.802654867,Piperaquine:CH2,Piperaquine:CH2:S017,,,,,,,,,,,,,
4,8,0.765739,5.83,-2.197345133,Piperaquine:CH2,Piperaquine:CH2:S018,,,,,,,,,,,,,
5,8,1.671211,46.90,-1.197345133,Piperaquine:CH2,Piperaquine:CH2:S018,,,,,,,,,,,,,
5.5,8,1.043180,11.05,-0.697345133,Piperaquine:CH2,Piperaquine:CH2:S018,,,,,,,,,,,,,
6,8,1.024609,10.58,-0.197345133,Piperaquine:CH2,Piperaquine:CH2:S018,,,,,,,,,,,,,
6.5,8,1.745260,55.62,0.302654867,Piperaquine:CH2,Piperaquine:CH2:S018,,,,,,,,,,,,,
7,8,3.499089,3155.65,0.802654867,Piperaquine:CH2,Piperaquine:CH2:S018,,,,,,,,,,,,,
7.5,8,3.551175,3557.75,1.302654867,Piperaquine:CH2,Piperaquine:CH2:S018,,,,,,,,,,,,,
8,8,3.969194,9315.23,1.802654867,Piperaquine:CH2,Piperaquine:CH2:S018,,,,,,,,,,,,,
5,8,1.657460,45.44,-1.197345133,Piperaquine:CH2,Piperaquine:CH2:S019,,,,,,,,,,,,,
5.5,8,1.864014,73.12,-0.697345133,Piperaquine:CH2,Piperaquine:CH2:S019,,,,,,,,,,,,,
6,8,0.866197,7.35,-0.197345133,Piperaquine:CH2,Piperaquine:CH2:S019,,,,,,,,,,,,,
6.5,8,2.221256,166.44,0.302654867,Piperaquine:CH2,Piperaquine:CH2:S019,,,,,,,,,,,,,
7,8,3.187108,1538.54,0.802654867,Piperaquine:CH2,Piperaquine:CH2:S019,,,,,,,,,,,,,
7.5,8,2.707967,510.47,1.302654867,Piperaquine:CH2,Piperaquine:CH2:S019,,,,,,,,,,,,,
8,8,3.435822,2727.86,1.802654867,Piperaquine:CH2,Piperaquine:CH2:S019,,,,,,,,,,,,,
4,8,0.707487,5.10,-2.197345133,Piperaquine:CH2,Piperaquine:CH2:S022,,,,,,,,,,,,,
5,8,1.507889,32.20,-1.197345133,Piperaquine:CH2,Piperaquine:CH2:S022,,,,,,,,,,,,,
5.5,8,0.650515,4.47,-0.697345133,Piperaquine:CH2,Piperaquine:CH2:S022,,,,,,,,,,,,,
6,8,1.489318,30.85,-0.197345133,Piperaquine:CH2,Piperaquine:CH2:S022,,,,,,,,,,,,,
6.5,8,1.549840,35.47,0.302654867,Piperaquine:CH2,Piperaquine:CH2:S022,,,,,,,,,,,,,
7,8,2.976782,947.94,0.802654867,Piperaquine:CH2,Piperaquine:CH2:S022,,,,,,,,,,,,,
7.5,8,2.689689,489.43,1.302654867,Piperaquine:CH2,Piperaquine:CH2:S022,,,,,,,,,,,,,
8,8,3.329172,2133.89,1.802654867,Piperaquine:CH2,Piperaquine:CH2:S022,,,,,,,,,,,,,
5,8,2.206646,160.93,-1.197345133,Piperaquine:CH2,Piperaquine:CH2:S024,,,,,,,,,,,,,
5.5,8,1.962327,91.69,-0.697345133,Piperaquine:CH2,Piperaquine:CH2:S024,,,,,,,,,,,,,
6,8,1.857901,72.09,-0.197345133,Piperaquine:CH2,Piperaquine:CH2:S024,,,,,,,,,,,,,
6.5,8,2.273433,187.69,0.302654867,Piperaquine:CH2,Piperaquine:CH2:S024,,,,,,,,,,,,,
7,8,2.799603,630.38,0.802654867,Piperaquine:CH2,Piperaquine:CH2:S024,,,,,,,,,,,,,
7.5,8,2.786986,612.33,1.302654867,Piperaquine:CH2,Piperaquine:CH2:S024,,,,,,,,,,,,,
8,8,4.028926,10688.72,1.802654867,Piperaquine:CH2,Piperaquine:CH2:S024,,,,,,,,,,,,,
5,8,2.235411,171.95,-1.197345133,Piperaquine:CH2,Piperaquine:CH2:S025,,,,,,,,,,,,,
5.5,8,2.250338,177.97,-0.697345133,Piperaquine:CH2,Piperaquine:CH2:S025,,,,,,,,,,,,,
6,8,2.127081,133.99,-0.197345133,Piperaquine:CH2,Piperaquine:CH2:S025,,,,,,,,,,,,,
6.5,8,2.720095,524.92,0.302654867,Piperaquine:CH2,Piperaquine:CH2:S025,,,,,,,,,,,,,
7,8,3.601863,3998.19,0.802654867,Piperaquine:CH2,Piperaquine:CH2:S025,,,,,,,,,,,,,
7.5,8,3.382456,2412.44,1.302654867,Piperaquine:CH2,Piperaquine:CH2:S025,,,,,,,,,,,,,
8,8,4.006780,10157.35,1.802654867,Piperaquine:CH2,Piperaquine:CH2:S025,,,,,,,,,,,,,
5,8,2.164495,146.05,-1.197345133,Piperaquine:CH3A,Piperaquine:CH3A:S030,,,,,,,,,,,,,
5.5,8,2.514062,326.63,-0.697345133,Piperaquine:CH3A,Piperaquine:CH3A:S030,,,,,,,,,,,,,
6,8,1.705810,50.79,-0.197345133,Piperaquine:CH3A,Piperaquine:CH3A:S030,,,,,,,,,,,,,
6.5,8,3.390945,2460.05,0.302654867,Piperaquine:CH3A,Piperaquine:CH3A:S030,,,,,,,,,,,,,
7,8,3.718437,5229.22,0.802654867,Piperaquine:CH3A,Piperaquine:CH3A:S030,,,,,,,,,,,,,
7.5,8,3.427156,2673.97,1.302654867,Piperaquine:CH3A,Piperaquine:CH3A:S030,,,,,,,,,,,,,
8,8,4.320080,20896.82,1.802654867,Piperaquine:CH3A,Piperaquine:CH3A:S030,,,,,,,,,,,,,
4,8,0.639377,4.36,-2.197345133,Piperaquine:CH3A,Piperaquine:CH3A:S033,,,,,,,,,,,,,
5,8,1.781027,60.40,-1.197345133,Piperaquine:CH3A,Piperaquine:CH3A:S033,,,,,,,,,,,,,
5.5,8,1.967502,92.79,-0.697345133,Piperaquine:CH3A,Piperaquine:CH3A:S033,,,,,,,,,,,,,
6,8,1.505150,32.00,-0.197345133,Piperaquine:CH3A,Piperaquine:CH3A:S033,,,,,,,,,,,,,
6.5,8,3.009142,1021.27,0.302654867,Piperaquine:CH3A,Piperaquine:CH3A:S033,,,,,,,,,,,,,
7,8,3.455447,2853.96,0.802654867,Piperaquine:CH3A,Piperaquine:CH3A:S033,,,,,,,,,,,,,
7.5,8,2.901458,797.00,1.302654867,Piperaquine:CH3A,Piperaquine:CH3A:S033,,,,,,,,,,,,,
8,8,4.222317,16684.64,1.802654867,Piperaquine:CH3A,Piperaquine:CH3A:S033,,,,,,,,,,,,,
4,8,0.615224,4.12,-2.197345133,Piperaquine:CH3A,Piperaquine:CH3A:S035,,,,,,,,,,,,,
5,8,2.546388,351.87,-1.197345133,Piperaquine:CH3A,Piperaquine:CH3A:S035,,,,,,,,,,,,,
5.5,8,2.632436,428.98,-0.697345133,Piperaquine:CH3A,Piperaquine:CH3A:S035,,,,,,,,,,,,,
6,8,2.396965,249.44,-0.197345133,Piperaquine:CH3A,Piperaquine:CH3A:S035,,,,,,,,,,,,,
6.5,8,3.723486,5290.36,0.302654867,Piperaquine:CH3A,Piperaquine:CH3A:S035,,,,,,,,,,,,,
7,8,4.194980,15666.78,0.802654867,Piperaquine:CH3A,Piperaquine:CH3A:S035,,,,,,,,,,,,,
7.5,8,3.662089,4592.92,1.302654867,Piperaquine:CH3A,Piperaquine:CH3A:S035,,,,,,,,,,,,,
8,8,4.624172,42089.31,1.802654867,Piperaquine:CH3A,Piperaquine:CH3A:S035,,,,,,,,,,,,,
4,8,0.916254,8.25,-2.197345133,Piperaquine:CH3A,Piperaquine:CH3A:S036,,,,,,,,,,,,,
5,8,2.359956,229.06,-1.197345133,Piperaquine:CH3A,Piperaquine:CH3A:S036,,,,,,,,,,,,,
5.5,8,2.311283,204.78,-0.697345133,Piperaquine:CH3A,Piperaquine:CH3A:S036,,,,,,,,,,,,,
6,8,0.789892,6.16,-0.197345133,Piperaquine:CH3A,Piperaquine:CH3A:S036,,,,,,,,,,,,,
6.5,8,3.059199,1146.04,0.302654867,Piperaquine:CH3A,Piperaquine:CH3A:S036,,,,,,,,,,,,,
7,8,3.528761,3378.78,0.802654867,Piperaquine:CH3A,Piperaquine:CH3A:S036,,,,,,,,,,,,,
7.5,8,2.725876,531.96,1.302654867,Piperaquine:CH3A,Piperaquine:CH3A:S036,,,,,,,,,,,,,
8,8,4.007899,10183.56,1.802654867,Piperaquine:CH3A,Piperaquine:CH3A:S036,,,,,,,,,,,,,
5,8,1.935202,86.14,-1.197345133,Piperaquine:CH3A,Piperaquine:CH3A:S037,,,,,,,,,,,,,
5.5,8,1.946770,88.46,-0.697345133,Piperaquine:CH3A,Piperaquine:CH3A:S037,,,,,,,,,,,,,
6,8,0.745681,5.57,-0.197345133,Piperaquine:CH3A,Piperaquine:CH3A:S037,,,,,,,,,,,,,
6.5,8,2.931492,854.07,0.302654867,Piperaquine:CH3A,Piperaquine:CH3A:S037,,,,,,,,,,,,,
7,8,3.432605,2707.73,0.802654867,Piperaquine:CH3A,Piperaquine:CH3A:S037,,,,,,,,,,,,,
7.5,8,2.857266,719.89,1.302654867,Piperaquine:CH3A,Piperaquine:CH3A:S037,,,,,,,,,,,,,
8,8,3.981400,9580.75,1.802654867,Piperaquine:CH3A,Piperaquine:CH3A:S037,,,,,,,,,,,,,
4,8,0.772034,5.92,-2.197345133,Piperaquine:CH3A,Piperaquine:CH3A:S042,,,,,,,,,,,,,
5,8,2.516309,328.33,-1.197345133,Piperaquine:CH3A,Piperaquine:CH3A:S042,,,,,,,,,,,,,
5.5,8,2.691782,491.79,-0.697345133,Piperaquine:CH3A,Piperaquine:CH3A:S042,,,,,,,,,,,,,
6,8,2.006102,101.41,-0.197345133,Piperaquine:CH3A,Piperaquine:CH3A:S042,,,,,,,,,,,,,
6.5,8,3.565293,3675.30,0.302654867,Piperaquine:CH3A,Piperaquine:CH3A:S042,,,,,,,,,,,,,
7,8,4.158215,14395.10,0.802654867,Piperaquine:CH3A,Piperaquine:CH3A:S042,,,,,,,,,,,,,
7.5,8,3.753991,5675.33,1.302654867,Piperaquine:CH3A,Piperaquine:CH3A:S042,,,,,,,,,,,,,
8,8,5.040441,109759.31,1.802654867,Piperaquine:CH3A,Piperaquine:CH3A:S042,,,,,,,,,,,,,
5,7,2.382797,241.43,-1.197345133,Piperaquine:CH3B,Piperaquine:CH3B:S045,,,,,,,,,,,,,
5.5,7,2.169646,147.79,-0.697345133,Piperaquine:CH3B,Piperaquine:CH3B:S045,,,,,,,,,,,,,
6,7,1.801247,63.28,-0.197345133,Piperaquine:CH3B,Piperaquine:CH3B:S045,,,,,,,,,,,,,
6.5,7,3.626136,4228.01,0.302654867,Piperaquine:CH3B,Piperaquine:CH3B:S045,,,,,,,,,,,,,
7,7,3.620925,4177.58,0.802654867,Piperaquine:CH3B,Piperaquine:CH3B:S045,,,,,,,,,,,,,
5,7,2.203168,159.65,-1.197345133,Piperaquine:CH3B,Piperaquine:CH3B:S050,,,,,,,,,,,,,
5.5,7,1.577060,37.76,-0.697345133,Piperaquine:CH3B,Piperaquine:CH3B:S050,,,,,,,,,,,,,
6,7,1.505150,32.00,-0.197345133,Piperaquine:CH3B,Piperaquine:CH3B:S050,,,,,,,,,,,,,
6.5,7,3.224505,1676.89,0.302654867,Piperaquine:CH3B,Piperaquine:CH3B:S050,,,,,,,,,,,,,
7,7,3.742870,5531.85,0.802654867,Piperaquine:CH3B,Piperaquine:CH3B:S050,,,,,,,,,,,,,
4,7,0.661110,4.58,-2.197345133,Piperaquine:CH3B,Piperaquine:CH3B:S051,,,,,,,,,,,,,
5,7,1.351215,22.45,-1.197345133,Piperaquine:CH3B,Piperaquine:CH3B:S051,,,,,,,,,,,,,
5.5,7,0.784101,6.08,-0.697345133,Piperaquine:CH3B,Piperaquine:CH3B:S051,,,,,,,,,,,,,
6,7,1.505150,32.00,-0.197345133,Piperaquine:CH3B,Piperaquine:CH3B:S051,,,,,,,,,,,,,
6.5,7,3.139166,1377.74,0.302654867,Piperaquine:CH3B,Piperaquine:CH3B:S051,,,,,,,,,,,,,
7,7,3.174031,1492.90,0.802654867,Piperaquine:CH3B,Piperaquine:CH3B:S051,,,,,,,,,,,,,
4,7,0.690106,4.90,-2.197345133,Piperaquine:CH3B,Piperaquine:CH3B:S052,,,,,,,,,,,,,
5,7,3.185360,1532.36,-1.197345133,Piperaquine:CH3B,Piperaquine:CH3B:S052,,,,,,,,,,,,,
5.5,7,3.151191,1416.42,-0.697345133,Piperaquine:CH3B,Piperaquine:CH3B:S052,,,,,,,,,,,,,
6,7,2.094759,124.38,-0.197345133,Piperaquine:CH3B,Piperaquine:CH3B:S052,,,,,,,,,,,,,
6.5,7,4.586364,38580.16,0.302654867,Piperaquine:CH3B,Piperaquine:CH3B:S052,,,,,,,,,,,,,
7,7,4.831634,67863.19,0.802654867,Piperaquine:CH3B,Piperaquine:CH3B:S052,,,,,,,,,,,,,
4,7,0.715682,5.20,-2.197345133,Piperaquine:CH3B,Piperaquine:CH3B:S057,,,,,,,,,,,,,
5,7,0.738561,5.48,-1.197345133,Piperaquine:CH3B,Piperaquine:CH3B:S057,,,,,,,,,,,,,
5.5,7,2.104032,127.07,-0.697345133,Piperaquine:CH3B,Piperaquine:CH3B:S057,,,,,,,,,,,,,
6,7,0.925629,8.43,-0.197345133,Piperaquine:CH3B,Piperaquine:CH3B:S057,,,,,,,,,,,,,
6.5,7,2.768437,586.73,0.302654867,Piperaquine:CH3B,Piperaquine:CH3B:S057,,,,,,,,,,,,,
7,7,3.380714,2402.78,0.802654867,Piperaquine:CH3B,Piperaquine:CH3B:S057,,,,,,,,,,,,,
5,7,2.044688,110.84,-1.197345133,Piperaquine:CH3B,Piperaquine:CH3B:S058,,,,,,,,,,,,,
5.5,7,1.505574,32.03,-0.697345133,Piperaquine:CH3B,Piperaquine:CH3B:S058,,,,,,,,,,,,,
6,7,0.690106,4.90,-0.197345133,Piperaquine:CH3B,Piperaquine:CH3B:S058,,,,,,,,,,,,,
6.5,7,2.987091,970.71,0.302654867,Piperaquine:CH3B,Piperaquine:CH3B:S058,,,,,,,,,,,,,
7,7,2.703552,505.30,0.802654867,Piperaquine:CH3B,Piperaquine:CH3B:S058,,,,,,,,,,,,,
5,8,2.539399,346.26,-1.197345133,Ferroquine:CH1,Ferroquine:CH1:S001,,,,,,,,,,,,,
5.5,8,2.605536,403.21,-0.697345133,Ferroquine:CH1,Ferroquine:CH1:S001,,,,,,,,,,,,,
6,8,1.076144,11.92,-0.197345133,Ferroquine:CH1,Ferroquine:CH1:S001,,,,,,,,,,,,,
6.5,8,3.463887,2909.96,0.302654867,Ferroquine:CH1,Ferroquine:CH1:S001,,,,,,,,,,,,,
7,8,4.081456,12063.03,0.802654867,Ferroquine:CH1,Ferroquine:CH1:S001,,,,,,,,,,,,,
7.5,8,3.320524,2091.82,1.302654867,Ferroquine:CH1,Ferroquine:CH1:S001,,,,,,,,,,,,,
8,8,4.293957,19676.93,1.802654867,Ferroquine:CH1,Ferroquine:CH1:S001,,,,,,,,,,,,,
4,8,1.573684,37.47,-2.197345133,Ferroquine:CH1,Ferroquine:CH1:S002,,,,,,,,,,,,,
5,8,2.130512,135.06,-1.197345133,Ferroquine:CH1,Ferroquine:CH1:S002,,,,,,,,,,,,,
5.5,8,1.964377,92.12,-0.697345133,Ferroquine:CH1,Ferroquine:CH1:S002,,,,,,,,,,,,,
6,8,2.152191,141.97,-0.197345133,Ferroquine:CH1,Ferroquine:CH1:S002,,,,,,,,,,,,,
6.5,8,2.773612,593.76,0.302654867,Ferroquine:CH1,Ferroquine:CH1:S002,,,,,,,,,,,,,
7,8,3.647354,4439.70,0.802654867,Ferroquine:CH1,Ferroquine:CH1:S002,,,,,,,,,,,,,
7.5,8,2.575176,375.99,1.302654867,Ferroquine:CH1,Ferroquine:CH1:S002,,,,,,,,,,,,,
8,8,3.690428,4902.62,1.802654867,Ferroquine:CH1,Ferroquine:CH1:S002,,,,,,,,,,,,,
4,8,0.801030,6.32,-2.197345133,Ferroquine:CH1,Ferroquine:CH1:S003,,,,,,,,,,,,,
5,8,2.629054,425.65,-1.197345133,Ferroquine:CH1,Ferroquine:CH1:S003,,,,,,,,,,,,,
5.5,8,2.844520,699.07,-0.697345133,Ferroquine:CH1,Ferroquine:CH1:S003,,,,,,,,,,,,,
6,8,2.525553,335.39,-0.197345133,Ferroquine:CH1,Ferroquine:CH1:S003,,,,,,,,,,,,,
6.5,8,3.248241,1771.09,0.302654867,Ferroquine:CH1,Ferroquine:CH1:S003,,,,,,,,,,,,,
7,8,4.185084,15313.85,0.802654867,Ferroquine:CH1,Ferroquine:CH1:S003,,,,,,,,,,,,,
7.5,8,3.195244,1567.63,1.302654867,Ferroquine:CH1,Ferroquine:CH1:S003,,,,,,,,,,,,,
8,8,4.145630,13983.95,1.802654867,Ferroquine:CH1,Ferroquine:CH1:S003,,,,,,,,,,,,,
4,8,0.937531,8.66,-2.197345133,Ferroquine:CH1,Ferroquine:CH1:S005,,,,,,,,,,,,,
5,8,2.135130,136.50,-1.197345133,Ferroquine:CH1,Ferroquine:CH1:S005,,,,,,,,,,,,,
5.5,8,2.429605,268.91,-0.697345133,Ferroquine:CH1,Ferroquine:CH1:S005,,,,,,,,,,,,,
6,8,1.530726,33.94,-0.197345133,Ferroquine:CH1,Ferroquine:CH1:S005,,,,,,,,,,,,,
6.5,8,3.161220,1449.51,0.302654867,Ferroquine:CH1,Ferroquine:CH1:S005,,,,,,,,,,,,,
7,8,3.763104,5795.68,0.802654867,Ferroquine:CH1,Ferroquine:CH1:S005,,,,,,,,,,,,,
7.5,8,2.654185,451.01,1.302654867,Ferroquine:CH1,Ferroquine:CH1:S005,,,,,,,,,,,,,
8,8,4.116254,13069.34,1.802654867,Ferroquine:CH1,Ferroquine:CH1:S005,,,,,,,,,,,,,
4,8,1.361317,22.98,-2.197345133,Ferroquine:CH1,Ferroquine:CH1:S007,,,,,,,,,,,,,
5,8,2.833087,680.91,-1.197345133,Ferroquine:CH1,Ferroquine:CH1:S007,,,,,,,,,,,,,
6,8,2.135526,136.62,-0.197345133,Ferroquine:CH1,Ferroquine:CH1:S007,,,,,,,,,,,,,
7,8,4.238395,17313.89,0.802654867,Ferroquine:CH1,Ferroquine:CH1:S007,,,,,,,,,,,,,
7.5,8,3.490236,3091.97,1.302654867,Ferroquine:CH1,Ferroquine:CH1:S007,,,,,,,,,,,,,
8,8,4.830489,67684.45,1.802654867,Ferroquine:CH1,Ferroquine:CH1:S007,,,,,,,,,,,,,
4,8,1.210802,16.25,-2.197345133,Ferroquine:CH1,Ferroquine:CH1:S008,,,,,,,,,,,,,
5,8,2.322957,210.36,-1.197345133,Ferroquine:CH1,Ferroquine:CH1:S008,,,,,,,,,,,,,
5.5,8,2.640846,437.37,-0.697345133,Ferroquine:CH1,Ferroquine:CH1:S008,,,,,,,,,,,,,
6,8,1.567407,36.93,-0.197345133,Ferroquine:CH1,Ferroquine:CH1:S008,,,,,,,,,,,,,
6.5,8,3.114221,1300.83,0.302654867,Ferroquine:CH1,Ferroquine:CH1:S008,,,,,,,,,,,,,
7,8,3.763495,5800.89,0.802654867,Ferroquine:CH1,Ferroquine:CH1:S008,,,,,,,,,,,,,
7.5,8,3.110397,1289.43,1.302654867,Ferroquine:CH1,Ferroquine:CH1:S008,,,,,,,,,,,,,
8,8,3.722596,5279.54,1.802654867,Ferroquine:CH1,Ferroquine:CH1:S008,,,,,,,,,,,,,
4,8,1.311625,20.49,-2.197345133,Ferroquine:CH1,Ferroquine:CH1:S009,,,,,,,,,,,,,
5,8,2.249981,177.82,-1.197345133,Ferroquine:CH1,Ferroquine:CH1:S009,,,,,,,,,,,,,
5.5,8,2.732983,540.73,-0.697345133,Ferroquine:CH1,Ferroquine:CH1:S009,,,,,,,,,,,,,
6,8,1.877327,75.39,-0.197345133,Ferroquine:CH1,Ferroquine:CH1:S009,,,,,,,,,,,,,
6.5,8,3.725895,5319.80,0.302654867,Ferroquine:CH1,Ferroquine:CH1:S009,,,,,,,,,,,,,
7,8,4.201641,15908.95,0.802654867,Ferroquine:CH1,Ferroquine:CH1:S009,,,,,,,,,,,,,
7.5,8,3.602894,4007.69,1.302654867,Ferroquine:CH1,Ferroquine:CH1:S009,,,,,,,,,,,,,
8,8,4.859375,72339.45,1.802654867,Ferroquine:CH1,Ferroquine:CH1:S009,,,,,,,,,,,,,
4,8,1.276334,18.89,-2.197345133,Ferroquine:CH1,Ferroquine:CH1:S010,,,,,,,,,,,,,
5,8,2.123508,132.89,-1.197345133,Ferroquine:CH1,Ferroquine:CH1:S010,,,,,,,,,,,,,
5.5,8,1.314194,20.62,-0.697345133,Ferroquine:CH1,Ferroquine:CH1:S010,,,,,,,,,,,,,
6,8,2.203321,159.71,-0.197345133,Ferroquine:CH1,Ferroquine:CH1:S010,,,,,,,,,,,,,
6.5,8,3.369916,2343.77,0.302654867,Ferroquine:CH1,Ferroquine:CH1:S010,,,,,,,,,,,,,
7,8,3.989746,9766.66,0.802654867,Ferroquine:CH1,Ferroquine:CH1:S010,,,,,,,,,,,,,
7.5,8,3.668723,4663.62,1.302654867,Ferroquine:CH1,Ferroquine:CH1:S010,,,,,,,,,,,,,
8,8,4.315508,20677.95,1.802654867,Ferroquine:CH1,Ferroquine:CH1:S010,,,,,,,,,,,,,
5,7,1.363364,23.09,-1.197345133,ACT451840:CH1,ACT451840:CH1:S001,,,,,,,,,,,,,
5.5,7,1.580983,38.11,-0.697345133,ACT451840:CH1,ACT451840:CH1:S001,,,,,,,,,,,,,
6,7,1.505150,32.00,-0.197345133,ACT451840:CH1,ACT451840:CH1:S001,,,,,,,,,,,,,
6.5,7,1.752099,56.51,0.302654867,ACT451840:CH1,ACT451840:CH1:S001,,,,,,,,,,,,,
7,7,2.485815,306.07,0.802654867,ACT451840:CH1,ACT451840:CH1:S001,,,,,,,,,,,,,
4,7,0.801030,6.32,-2.197345133,ACT451840:CH1,ACT451840:CH1:S002,,,,,,,,,,,,,
5,7,2.902312,798.57,-1.197345133,ACT451840:CH1,ACT451840:CH1:S002,,,,,,,,,,,,,
5.5,7,2.588254,387.48,-0.697345133,ACT451840:CH1,ACT451840:CH1:S002,,,,,,,,,,,,,
6,7,2.169596,147.77,-0.197345133,ACT451840:CH1,ACT451840:CH1:S002,,,,,,,,,,,,,
6.5,7,3.694776,4951.95,0.302654867,ACT451840:CH1,ACT451840:CH1:S002,,,,,,,,,,,,,
7,7,4.171341,14836.82,0.802654867,ACT451840:CH1,ACT451840:CH1:S002,,,,,,,,,,,,,
5,7,2.110119,128.86,-1.197345133,ACT451840:CH1,ACT451840:CH1:S005,,,,,,,,,,,,,
5.5,7,2.556980,360.56,-0.697345133,ACT451840:CH1,ACT451840:CH1:S005,,,,,,,,,,,,,
6,7,1.505150,32.00,-0.197345133,ACT451840:CH1,ACT451840:CH1:S005,,,,,,,,,,,,,
6.5,7,2.830978,677.61,0.302654867,ACT451840:CH1,ACT451840:CH1:S005,,,,,,,,,,,,,
7,7,3.636079,4325.93,0.802654867,ACT451840:CH1,ACT451840:CH1:S005,,,,,,,,,,,,,
5,7,2.177361,150.44,-1.197345133,ACT451840:CH1,ACT451840:CH1:S006,,,,,,,,,,,,,
5.5,7,2.717763,522.11,-0.697345133,ACT451840:CH1,ACT451840:CH1:S006,,,,,,,,,,,,,
6,7,1.956324,90.43,-0.197345133,ACT451840:CH1,ACT451840:CH1:S006,,,,,,,,,,,,,
6.5,7,3.086321,1219.89,0.302654867,ACT451840:CH1,ACT451840:CH1:S006,,,,,,,,,,,,,
7,7,3.442771,2771.86,0.802654867,ACT451840:CH1,ACT451840:CH1:S006,,,,,,,,,,,,,
4,7,0.826606,6.71,-2.197345133,ACT451840:CH1,ACT451840:CH1:S009,,,,,,,,,,,,,
5,7,3.123195,1327.99,-1.197345133,ACT451840:CH1,ACT451840:CH1:S009,,,,,,,,,,,,,
5.5,7,3.230818,1701.45,-0.697345133,ACT451840:CH1,ACT451840:CH1:S009,,,,,,,,,,,,,
6,7,2.398519,250.33,-0.197345133,ACT451840:CH1,ACT451840:CH1:S009,,,,,,,,,,,,,
6.5,7,3.854577,7154.46,0.302654867,ACT451840:CH1,ACT451840:CH1:S009,,,,,,,,,,,,,
7,7,4.333414,21548.35,0.802654867,ACT451840:CH1,ACT451840:CH1:S009,,,,,,,,,,,,,
4,7,0.680864,4.80,-2.197345133,ACT451840:CH1,ACT451840:CH1:S012,,,,,,,,,,,,,
5,7,2.126923,133.94,-1.197345133,ACT451840:CH1,ACT451840:CH1:S012,,,,,,,,,,,,,
5.5,7,2.460895,289.00,-0.697345133,ACT451840:CH1,ACT451840:CH1:S012,,,,,,,,,,,,,
6,7,1.729696,53.67,-0.197345133,ACT451840:CH1,ACT451840:CH1:S012,,,,,,,,,,,,,
6.5,7,3.017305,1040.65,0.302654867,ACT451840:CH1,ACT451840:CH1:S012,,,,,,,,,,,,,
7,7,3.235094,1718.28,0.802654867,ACT451840:CH1,ACT451840:CH1:S012,,,,,,,,,,,,,
4,7,0.840621,6.93,-2.197345133,ACT451840:CH1,ACT451840:CH1:S013,,,,,,,,,,,,,
5,7,2.768636,587.00,-1.197345133,ACT451840:CH1,ACT451840:CH1:S013,,,,,,,,,,,,,
5.5,7,2.990499,978.36,-0.697345133,ACT451840:CH1,ACT451840:CH1:S013,,,,,,,,,,,,,
6,7,2.089675,122.93,-0.197345133,ACT451840:CH1,ACT451840:CH1:S013,,,,,,,,,,,,,
6.5,7,3.210592,1624.02,0.302654867,ACT451840:CH1,ACT451840:CH1:S013,,,,,,,,,,,,,
7,7,4.239956,17376.26,0.802654867,ACT451840:CH1,ACT451840:CH1:S013,,,,,,,,,,,,,
4,7,1.301030,20.00,-2.197345133,ACT451840:CH1,ACT451840:CH1:S016,,,,,,,,,,,,,
5,7,2.651221,447.94,-1.197345133,ACT451840:CH1,ACT451840:CH1:S016,,,,,,,,,,,,,
5.5,7,2.902538,798.98,-0.697345133,ACT451840:CH1,ACT451840:CH1:S016,,,,,,,,,,,,,
6,7,2.016953,103.98,-0.197345133,ACT451840:CH1,ACT451840:CH1:S016,,,,,,,,,,,,,
6.5,7,3.439316,2749.89,0.302654867,ACT451840:CH1,ACT451840:CH1:S016,,,,,,,,,,,,,
7,7,3.907177,8075.64,0.802654867,ACT451840:CH1,ACT451840:CH1:S016,,,,,,,,,,,,,
4,7,1.210802,16.25,-2.197345133,MMV048_PIB:CH1,MMV048_PIB:CH1:R101,,,,,,,,,,,,,
5,7,2.600392,398.47,-1.197345133,MMV048_PIB:CH1,MMV048_PIB:CH1:R101,,,,,,,,,,,,,
5.5,7,2.813116,650.30,-0.697345133,MMV048_PIB:CH1,MMV048_PIB:CH1:R101,,,,,,,,,,,,,
6,7,2.031667,107.56,-0.197345133,MMV048_PIB:CH1,MMV048_PIB:CH1:R101,,,,,,,,,,,,,
6.5,7,3.550117,3549.09,0.302654867,MMV048_PIB:CH1,MMV048_PIB:CH1:R101,,,,,,,,,,,,,
7,7,4.252613,17890.13,0.802654867,MMV048_PIB:CH1,MMV048_PIB:CH1:R101,,,,,,,,,,,,,
5,7,1.995436,98.95,-1.197345133,MMV048_PIB:CH1,MMV048_PIB:CH1:R102,,,,,,,,,,,,,
5.5,7,2.326722,212.19,-0.697345133,MMV048_PIB:CH1,MMV048_PIB:CH1:R102,,,,,,,,,,,,,
6,7,1.669527,46.72,-0.197345133,MMV048_PIB:CH1,MMV048_PIB:CH1:R102,,,,,,,,,,,,,
6.5,7,2.744534,555.31,0.302654867,MMV048_PIB:CH1,MMV048_PIB:CH1:R102,,,,,,,,,,,,,
7,7,3.494258,3120.74,0.802654867,MMV048_PIB:CH1,MMV048_PIB:CH1:R102,,,,,,,,,,,,,
4,7,0.831379,6.78,-2.197345133,MMV048_PIB:CH1,MMV048_PIB:CH1:R103,,,,,,,,,,,,,
5,7,2.319599,208.74,-1.197345133,MMV048_PIB:CH1,MMV048_PIB:CH1:R103,,,,,,,,,,,,,
5.5,7,2.373613,236.38,-0.697345133,MMV048_PIB:CH1,MMV048_PIB:CH1:R103,,,,,,,,,,,,,
6,7,1.505150,32.00,-0.197345133,MMV048_PIB:CH1,MMV048_PIB:CH1:R103,,,,,,,,,,,,,
6.5,7,3.226858,1686.00,0.302654867,MMV048_PIB:CH1,MMV048_PIB:CH1:R103,,,,,,,,,,,,,
7,7,3.768746,5871.46,0.802654867,MMV048_PIB:CH1,MMV048_PIB:CH1:R103,,,,,,,,,,,,,
5,7,2.451732,282.96,-1.197345133,MMV048_PIB:CH1,MMV048_PIB:CH1:R104,,,,,,,,,,,,,
5.5,7,2.468144,293.86,-0.697345133,MMV048_PIB:CH1,MMV048_PIB:CH1:R104,,,,,,,,,,,,,
6,7,0.752575,5.66,-0.197345133,MMV048_PIB:CH1,MMV048_PIB:CH1:R104,,,,,,,,,,,,,
6.5,7,3.594142,3927.73,0.302654867,MMV048_PIB:CH1,MMV048_PIB:CH1:R104,,,,,,,,,,,,,
7,7,3.952023,8954.13,0.802654867,MMV048_PIB:CH1,MMV048_PIB:CH1:R104,,,,,,,,,,,,,
4,7,0.922549,8.37,-2.197345133,MMV048_PIB:CH1,MMV048_PIB:CH1:R105,,,,,,,,,,,,,
5,7,2.114457,130.15,-1.197345133,MMV048_PIB:CH1,MMV048_PIB:CH1:R105,,,,,,,,,,,,,
5.5,7,2.463883,290.99,-0.697345133,MMV048_PIB:CH1,MMV048_PIB:CH1:R105,,,,,,,,,,,,,
6,7,1.505150,32.00,-0.197345133,MMV048_PIB:CH1,MMV048_PIB:CH1:R105,,,,,,,,,,,,,
6.5,7,3.264525,1838.76,0.302654867,MMV048_PIB:CH1,MMV048_PIB:CH1:R105,,,,,,,,,,,,,
7,7,3.801506,6331.49,0.802654867,MMV048_PIB:CH1,MMV048_PIB:CH1:R105,,,,,,,,,,,,,
4,7,1.111358,12.92,-2.197345133,MMV048_PIB:CH1,MMV048_PIB:CH1:R106,,,,,,,,,,,,,
5,7,2.773986,594.27,-1.197345133,MMV048_PIB:CH1,MMV048_PIB:CH1:R106,,,,,,,,,,,,,
5.5,7,3.015008,1035.16,-0.697345133,MMV048_PIB:CH1,MMV048_PIB:CH1:R106,,,,,,,,,,,,,
6,7,1.569940,37.15,-0.197345133,MMV048_PIB:CH1,MMV048_PIB:CH1:R106,,,,,,,,,,,,,
6.5,7,3.451860,2830.48,0.302654867,MMV048_PIB:CH1,MMV048_PIB:CH1:R106,,,,,,,,,,,,,
7,7,3.812226,6489.72,0.802654867,MMV048_PIB:CH1,MMV048_PIB:CH1:R106,,,,,,,,,,,,,
5,7,2.039699,109.57,-1.197345133,OZ439/DSM265:CH1,OZ439/DSM265:CH1:S007,,,,,,,,,,,,,
5.5,7,1.738561,54.77,-0.697345133,OZ439/DSM265:CH1,OZ439/DSM265:CH1:S007,,,,,,,,,,,,,
6,7,0.650515,4.47,-0.197345133,OZ439/DSM265:CH1,OZ439/DSM265:CH1:S007,,,,,,,,,,,,,
6.5,7,2.996918,992.93,0.302654867,OZ439/DSM265:CH1,OZ439/DSM265:CH1:S007,,,,,,,,,,,,,
7,7,3.038231,1092.02,0.802654867,OZ439/DSM265:CH1,OZ439/DSM265:CH1:S007,,,,,,,,,,,,,
5,7,1.434616,27.20,-1.197345133,OZ439/DSM265:CH1,OZ439/DSM265:CH1:S011,,,,,,,,,,,,,
5.5,7,1.946881,88.49,-0.697345133,OZ439/DSM265:CH1,OZ439/DSM265:CH1:S011,,,,,,,,,,,,,
6,7,1.765739,58.31,-0.197345133,OZ439/DSM265:CH1,OZ439/DSM265:CH1:S011,,,,,,,,,,,,,
6.5,7,3.126864,1339.26,0.302654867,OZ439/DSM265:CH1,OZ439/DSM265:CH1:S011,,,,,,,,,,,,,
7,7,2.433148,271.11,0.802654867,OZ439/DSM265:CH1,OZ439/DSM265:CH1:S011,,,,,,,,,,,,,
4,7,0.715682,5.20,-2.197345133,OZ439/DSM265:CH1,OZ439/DSM265:CH1:S016,,,,,,,,,,,,,
5,7,1.671704,46.96,-1.197345133,OZ439/DSM265:CH1,OZ439/DSM265:CH1:S016,,,,,,,,,,,,,
5.5,7,2.141107,138.39,-0.697345133,OZ439/DSM265:CH1,OZ439/DSM265:CH1:S016,,,,,,,,,,,,,
6,7,1.180864,15.17,-0.197345133,OZ439/DSM265:CH1,OZ439/DSM265:CH1:S016,,,,,,,,,,,,,
6.5,7,3.114472,1301.58,0.302654867,OZ439/DSM265:CH1,OZ439/DSM265:CH1:S016,,,,,,,,,,,,,
7,7,3.169150,1476.22,0.802654867,OZ439/DSM265:CH1,OZ439/DSM265:CH1:S016,,,,,,,,,,,,,
4,7,0.784101,6.08,-2.197345133,OZ439/DSM265:CH1,OZ439/DSM265:CH1:S017,,,,,,,,,,,,,
5,7,2.597096,395.45,-1.197345133,OZ439/DSM265:CH1,OZ439/DSM265:CH1:S017,,,,,,,,,,,,,
5.5,7,2.180684,151.59,-0.697345133,OZ439/DSM265:CH1,OZ439/DSM265:CH1:S017,,,,,,,,,,,,,
6,7,1.648333,44.50,-0.197345133,OZ439/DSM265:CH1,OZ439/DSM265:CH1:S017,,,,,,,,,,,,,
6.5,7,3.448410,2808.09,0.302654867,OZ439/DSM265:CH1,OZ439/DSM265:CH1:S017,,,,,,,,,,,,,
7,7,3.709225,5119.47,0.802654867,OZ439/DSM265:CH1,OZ439/DSM265:CH1:S017,,,,,,,,,,,,,
4,7,0.806392,6.40,-2.197345133,OZ439/DSM265:CH1,OZ439/DSM265:CH1:S018,,,,,,,,,,,,,
5,7,0.972241,9.38,-1.197345133,OZ439/DSM265:CH1,OZ439/DSM265:CH1:S018,,,,,,,,,,,,,
5.5,7,1.647013,44.36,-0.697345133,OZ439/DSM265:CH1,OZ439/DSM265:CH1:S018,,,,,,,,,,,,,
6,7,0.698970,5.00,-0.197345133,OZ439/DSM265:CH1,OZ439/DSM265:CH1:S018,,,,,,,,,,,,,
6.5,7,2.158362,144.00,0.302654867,OZ439/DSM265:CH1,OZ439/DSM265:CH1:S018,,,,,,,,,,,,,
7,7,2.589273,388.39,0.802654867,OZ439/DSM265:CH1,OZ439/DSM265:CH1:S018,,,,,,,,,,,,,
4,7,1.018713,10.44,-2.197345133,OZ439/DSM265:CH1,OZ439/DSM265:CH1:S019,,,,,,,,,,,,,
5,7,1.929148,84.95,-1.197345133,OZ439/DSM265:CH1,OZ439/DSM265:CH1:S019,,,,,,,,,,,,,
5.5,7,2.001730,100.40,-0.697345133,OZ439/DSM265:CH1,OZ439/DSM265:CH1:S019,,,,,,,,,,,,,
6,7,1.505150,32.00,-0.197345133,OZ439/DSM265:CH1,OZ439/DSM265:CH1:S019,,,,,,,,,,,,,
6.5,7,2.885867,768.90,0.302654867,OZ439/DSM265:CH1,OZ439/DSM265:CH1:S019,,,,,,,,,,,,,
7,7,3.572068,3733.09,0.802654867,OZ439/DSM265:CH1,OZ439/DSM265:CH1:S019,,,,,,,,,,,,,
4,7,1.847303,70.36,-2.197345133,OZ439/DSM265:CH1,OZ439/DSM265:CH1:S020,,,,,,,,,,,,,
5,7,1.921461,83.46,-1.197345133,OZ439/DSM265:CH1,OZ439/DSM265:CH1:S020,,,,,,,,,,,,,
5.5,7,2.391362,246.24,-0.697345133,OZ439/DSM265:CH1,OZ439/DSM265:CH1:S020,,,,,,,,,,,,,
6,7,0.913037,8.19,-0.197345133,OZ439/DSM265:CH1,OZ439/DSM265:CH1:S020,,,,,,,,,,,,,
6.5,7,3.585719,3852.29,0.302654867,OZ439/DSM265:CH1,OZ439/DSM265:CH1:S020,,,,,,,,,,,,,
7,7,3.874781,7495.16,0.802654867,OZ439/DSM265:CH1,OZ439/DSM265:CH1:S020,,,,,,,,,,,,,
4,7,0.707487,5.10,-2.197345133,OZ439/DSM265:CH1,OZ439/DSM265:CH1:S021,,,,,,,,,,,,,
5,7,2.132786,135.76,-1.197345133,OZ439/DSM265:CH1,OZ439/DSM265:CH1:S021,,,,,,,,,,,,,
5.5,7,1.833072,68.09,-0.697345133,OZ439/DSM265:CH1,OZ439/DSM265:CH1:S021,,,,,,,,,,,,,
6,7,1.597118,39.55,-0.197345133,OZ439/DSM265:CH1,OZ439/DSM265:CH1:S021,,,,,,,,,,,,,
6.5,7,3.333197,2153.76,0.302654867,OZ439/DSM265:CH1,OZ439/DSM265:CH1:S021,,,,,,,,,,,,,
7,7,3.213669,1635.57,0.802654867,OZ439/DSM265:CH1,OZ439/DSM265:CH1:S021,,,,,,,,,,,,,
4,7,0.866197,7.35,-2.197345133,OZ439/DSM265:CH2,OZ439/DSM265:CH2:S022,,,,,,,,,,,,,
5,7,2.399546,250.93,-1.197345133,OZ439/DSM265:CH2,OZ439/DSM265:CH2:S022,,,,,,,,,,,,,
5.5,7,2.944615,880.27,-0.697345133,OZ439/DSM265:CH2,OZ439/DSM265:CH2:S022,,,,,,,,,,,,,
6,7,1.937444,86.59,-0.197345133,OZ439/DSM265:CH2,OZ439/DSM265:CH2:S022,,,,,,,,,,,,,
6.5,7,3.250846,1781.74,0.302654867,OZ439/DSM265:CH2,OZ439/DSM265:CH2:S022,,,,,,,,,,,,,
7,7,4.435902,27283.61,0.802654867,OZ439/DSM265:CH2,OZ439/DSM265:CH2:S022,,,,,,,,,,,,,
4,7,0.745681,5.57,-2.197345133,OZ439/DSM265:CH2,OZ439/DSM265:CH2:S026,,,,,,,,,,,,,
5,7,2.417156,261.31,-1.197345133,OZ439/DSM265:CH2,OZ439/DSM265:CH2:S026,,,,,,,,,,,,,
5.5,7,2.744768,555.61,-0.697345133,OZ439/DSM265:CH2,OZ439/DSM265:CH2:S026,,,,,,,,,,,,,
6,7,1.624721,42.14,-0.197345133,OZ439/DSM265:CH2,OZ439/DSM265:CH2:S026,,,,,,,,,,,,,
6.5,7,3.102548,1266.33,0.302654867,OZ439/DSM265:CH2,OZ439/DSM265:CH2:S026,,,,,,,,,,,,,
7,7,4.090614,12320.10,0.802654867,OZ439/DSM265:CH2,OZ439/DSM265:CH2:S026,,,,,,,,,,,,,
4,7,0.627636,4.24,-2.197345133,OZ439/DSM265:CH2,OZ439/DSM265:CH2:S028,,,,,,,,,,,,,
5,7,2.581267,381.30,-1.197345133,OZ439/DSM265:CH2,OZ439/DSM265:CH2:S028,,,,,,,,,,,,,
5.5,7,2.731045,538.33,-0.697345133,OZ439/DSM265:CH2,OZ439/DSM265:CH2:S028,,,,,,,,,,,,,
6,7,1.586301,38.57,-0.197345133,OZ439/DSM265:CH2,OZ439/DSM265:CH2:S028,,,,,,,,,,,,,
6.5,7,3.485714,3059.95,0.302654867,OZ439/DSM265:CH2,OZ439/DSM265:CH2:S028,,,,,,,,,,,,,
7,7,4.307087,20280.91,0.802654867,OZ439/DSM265:CH2,OZ439/DSM265:CH2:S028,,,,,,,,,,,,,
4,7,0.573064,3.74,-2.197345133,OZ439/DSM265:CH2,OZ439/DSM265:CH2:S029,,,,,,,,,,,,,
5,7,2.457542,286.78,-1.197345133,OZ439/DSM265:CH2,OZ439/DSM265:CH2:S029,,,,,,,,,,,,,
5.5,7,2.681767,480.58,-0.697345133,OZ439/DSM265:CH2,OZ439/DSM265:CH2:S029,,,,,,,,,,,,,
6,7,1.866920,73.61,-0.197345133,OZ439/DSM265:CH2,OZ439/DSM265:CH2:S029,,,,,,,,,,,,,
6.5,7,3.403883,2534.45,0.302654867,OZ439/DSM265:CH2,OZ439/DSM265:CH2:S029,,,,,,,,,,,,,
7,7,4.083197,12111.47,0.802654867,OZ439/DSM265:CH2,OZ439/DSM265:CH2:S029,,,,,,,,,,,,,
4,7,0.707487,5.10,-2.197345133,OZ439/DSM265:CH2,OZ439/DSM265:CH2:S030,,,,,,,,,,,,,
5,7,0.588046,3.87,-1.197345133,OZ439/DSM265:CH2,OZ439/DSM265:CH2:S030,,,,,,,,,,,,,
5.5,7,2.047061,111.45,-0.697345133,OZ439/DSM265:CH2,OZ439/DSM265:CH2:S030,,,,,,,,,,,,,
6,7,1.814552,65.25,-0.197345133,OZ439/DSM265:CH2,OZ439/DSM265:CH2:S030,,,,,,,,,,,,,
6.5,7,3.286730,1935.22,0.302654867,OZ439/DSM265:CH2,OZ439/DSM265:CH2:S030,,,,,,,,,,,,,
7,7,3.539620,3464.33,0.802654867,OZ439/DSM265:CH2,OZ439/DSM265:CH2:S030,,,,,,,,,,,,,
4,7,1.878698,75.63,-2.197345133,EFITA:CH1_OZGAM:CH1,EFITA:CH1_OZGAM:CH1:S003,,,,,,,,,,,,,
5,7,2.728517,535.20,-1.197345133,EFITA:CH1_OZGAM:CH1,EFITA:CH1_OZGAM:CH1:S003,,,,,,,,,,,,,
5.5,7,2.837084,687.20,-0.697345133,EFITA:CH1_OZGAM:CH1,EFITA:CH1_OZGAM:CH1:S003,,,,,,,,,,,,,
6,7,1.807607,64.21,-0.197345133,EFITA:CH1_OZGAM:CH1,EFITA:CH1_OZGAM:CH1:S003,,,,,,,,,,,,,
6.5,7,3.651373,4480.97,0.302654867,EFITA:CH1_OZGAM:CH1,EFITA:CH1_OZGAM:CH1:S003,,,,,,,,,,,,,
7,7,4.078011,11967.71,0.802654867,EFITA:CH1_OZGAM:CH1,EFITA:CH1_OZGAM:CH1:S003,,,,,,,,,,,,,
4,7,1.806180,64.00,-2.197345133,EFITA:CH1_OZGAM:CH1,EFITA:CH1_OZGAM:CH1:S004,,,,,,,,,,,,,
5,7,2.357001,227.51,-1.197345133,EFITA:CH1_OZGAM:CH1,EFITA:CH1_OZGAM:CH1:S004,,,,,,,,,,,,,
5.5,7,2.452149,283.24,-0.697345133,EFITA:CH1_OZGAM:CH1,EFITA:CH1_OZGAM:CH1:S004,,,,,,,,,,,,,
6,7,1.661935,45.91,-0.197345133,EFITA:CH1_OZGAM:CH1,EFITA:CH1_OZGAM:CH1:S004,,,,,,,,,,,,,
6.5,7,2.916240,824.59,0.302654867,EFITA:CH1_OZGAM:CH1,EFITA:CH1_OZGAM:CH1:S004,,,,,,,,,,,,,
7,7,3.844149,6984.72,0.802654867,EFITA:CH1_OZGAM:CH1,EFITA:CH1_OZGAM:CH1:S004,,,,,,,,,,,,,
4,7,1.453168,28.39,-2.197345133,EFITA:CH1_OZGAM:CH1,EFITA:CH1_OZGAM:CH1:S102,,,,,,,,,,,,,
5,7,2.844329,698.76,-1.197345133,EFITA:CH1_OZGAM:CH1,EFITA:CH1_OZGAM:CH1:S102,,,,,,,,,,,,,
5.5,7,2.354448,226.18,-0.697345133,EFITA:CH1_OZGAM:CH1,EFITA:CH1_OZGAM:CH1:S102,,,,,,,,,,,,,
6,7,2.227034,168.67,-0.197345133,EFITA:CH1_OZGAM:CH1,EFITA:CH1_OZGAM:CH1:S102,,,,,,,,,,,,,
6.5,7,3.470113,2951.98,0.302654867,EFITA:CH1_OZGAM:CH1,EFITA:CH1_OZGAM:CH1:S102,,,,,,,,,,,,,
7,7,4.201173,15891.79,0.802654867,EFITA:CH1_OZGAM:CH1,EFITA:CH1_OZGAM:CH1:S102,,,,,,,,,,,,,
5,7,2.425311,266.26,-1.197345133,EFITA:CH1_OZGAM:CH1,EFITA:CH1_OZGAM:CH1:S103,,,,,,,,,,,,,
5.5,7,2.820250,661.07,-0.697345133,EFITA:CH1_OZGAM:CH1,EFITA:CH1_OZGAM:CH1:S103,,,,,,,,,,,,,
6,7,2.019111,104.50,-0.197345133,EFITA:CH1_OZGAM:CH1,EFITA:CH1_OZGAM:CH1:S103,,,,,,,,,,,,,
6.5,7,2.772694,592.51,0.302654867,EFITA:CH1_OZGAM:CH1,EFITA:CH1_OZGAM:CH1:S103,,,,,,,,,,,,,
7,7,4.210864,16250.41,0.802654867,EFITA:CH1_OZGAM:CH1,EFITA:CH1_OZGAM:CH1:S103,,,,,,,,,,,,,
4,7,1.720376,52.53,-2.197345133,EFITA:CH1_OZGAM:CH1,EFITA:CH1_OZGAM:CH1:S106,,,,,,,,,,,,,
5,7,2.867664,737.33,-1.197345133,EFITA:CH1_OZGAM:CH1,EFITA:CH1_OZGAM:CH1:S106,,,,,,,,,,,,,
5.5,7,2.888101,772.86,-0.697345133,EFITA:CH1_OZGAM:CH1,EFITA:CH1_OZGAM:CH1:S106,,,,,,,,,,,,,
6,7,2.379180,239.43,-0.197345133,EFITA:CH1_OZGAM:CH1,EFITA:CH1_OZGAM:CH1:S106,,,,,,,,,,,,,
6.5,7,4.074976,11884.37,0.302654867,EFITA:CH1_OZGAM:CH1,EFITA:CH1_OZGAM:CH1:S106,,,,,,,,,,,,,
7,7,4.451256,28265.46,0.802654867,EFITA:CH1_OZGAM:CH1,EFITA:CH1_OZGAM:CH1:S106,,,,,,,,,,,,,
4,7,1.971549,93.66,-2.197345133,EFITA:CH1_OZGAM:CH1,EFITA:CH1_OZGAM:CH1:S108,,,,,,,,,,,,,
5,7,2.987902,972.53,-1.197345133,EFITA:CH1_OZGAM:CH1,EFITA:CH1_OZGAM:CH1:S108,,,,,,,,,,,,,
5.5,7,3.403773,2533.80,-0.697345133,EFITA:CH1_OZGAM:CH1,EFITA:CH1_OZGAM:CH1:S108,,,,,,,,,,,,,
6,7,2.759711,575.06,-0.197345133,EFITA:CH1_OZGAM:CH1,EFITA:CH1_OZGAM:CH1:S108,,,,,,,,,,,,,
6.5,7,4.095592,12462.12,0.302654867,EFITA:CH1_OZGAM:CH1,EFITA:CH1_OZGAM:CH1:S108,,,,,,,,,,,,,
7,7,4.776215,59733.08,0.802654867,EFITA:CH1_OZGAM:CH1,EFITA:CH1_OZGAM:CH1:S108,,,,,,,,,,,,,
4,8,0.988862,9.75,-2.197345133,EFITA:CH2_OZGAM:CH2,EFITA:CH2_OZGAM:CH2:R003,,,,,,,,,,,,,
5,8,2.687437,486.90,-1.197345133,EFITA:CH2_OZGAM:CH2,EFITA:CH2_OZGAM:CH2:R003,,,,,,,,,,,,,
5.5,8,2.925292,841.96,-0.697345133,EFITA:CH2_OZGAM:CH2,EFITA:CH2_OZGAM:CH2:R003,,,,,,,,,,,,,
6,8,2.632112,428.66,-0.197345133,EFITA:CH2_OZGAM:CH2,EFITA:CH2_OZGAM:CH2:R003,,,,,,,,,,,,,
6.5,8,3.505816,3204.91,0.302654867,EFITA:CH2_OZGAM:CH2,EFITA:CH2_OZGAM:CH2:R003,,,,,,,,,,,,,
7,8,4.084557,12149.47,0.802654867,EFITA:CH2_OZGAM:CH2,EFITA:CH2_OZGAM:CH2:R003,,,,,,,,,,,,,
7.5,8,3.643068,4396.10,1.302654867,EFITA:CH2_OZGAM:CH2,EFITA:CH2_OZGAM:CH2:R003,,,,,,,,,,,,,
8,8,4.402533,25265.80,1.802654867,EFITA:CH2_OZGAM:CH2,EFITA:CH2_OZGAM:CH2:R003,,,,,,,,,,,,,
4,8,0.877937,7.55,-2.197345133,EFITA:CH2_OZGAM:CH2,EFITA:CH2_OZGAM:CH2:R004,,,,,,,,,,,,,
5,8,3.005916,1013.72,-1.197345133,EFITA:CH2_OZGAM:CH2,EFITA:CH2_OZGAM:CH2:R004,,,,,,,,,,,,,
5.5,8,3.317581,2077.69,-0.697345133,EFITA:CH2_OZGAM:CH2,EFITA:CH2_OZGAM:CH2:R004,,,,,,,,,,,,,
6,8,2.383377,241.76,-0.197345133,EFITA:CH2_OZGAM:CH2,EFITA:CH2_OZGAM:CH2:R004,,,,,,,,,,,,,
6.5,8,3.906346,8060.21,0.302654867,EFITA:CH2_OZGAM:CH2,EFITA:CH2_OZGAM:CH2:R004,,,,,,,,,,,,,
7,8,4.560139,36319.42,0.802654867,EFITA:CH2_OZGAM:CH2,EFITA:CH2_OZGAM:CH2:R004,,,,,,,,,,,,,
7.5,8,3.825443,6690.26,1.302654867,EFITA:CH2_OZGAM:CH2,EFITA:CH2_OZGAM:CH2:R004,,,,,,,,,,,,,
8,8,4.833696,68186.08,1.802654867,EFITA:CH2_OZGAM:CH2,EFITA:CH2_OZGAM:CH2:R004,,,,,,,,,,,,,
4,8,1.946047,88.32,-2.197345133,EFITA:CH2_OZGAM:CH2,EFITA:CH2_OZGAM:CH2:R105,,,,,,,,,,,,,
5,8,2.969311,931.78,-1.197345133,EFITA:CH2_OZGAM:CH2,EFITA:CH2_OZGAM:CH2:R105,,,,,,,,,,,,,
5.5,8,3.012818,1029.95,-0.697345133,EFITA:CH2_OZGAM:CH2,EFITA:CH2_OZGAM:CH2:R105,,,,,,,,,,,,,
6,8,2.722718,528.10,-0.197345133,EFITA:CH2_OZGAM:CH2,EFITA:CH2_OZGAM:CH2:R105,,,,,,,,,,,,,
6.5,8,3.698826,4998.35,0.302654867,EFITA:CH2_OZGAM:CH2,EFITA:CH2_OZGAM:CH2:R105,,,,,,,,,,,,,
7,8,4.223827,16742.77,0.802654867,EFITA:CH2_OZGAM:CH2,EFITA:CH2_OZGAM:CH2:R105,,,,,,,,,,,,,
7.5,8,3.939245,8694.51,1.302654867,EFITA:CH2_OZGAM:CH2,EFITA:CH2_OZGAM:CH2:R105,,,,,,,,,,,,,
8,8,4.313611,20587.85,1.802654867,EFITA:CH2_OZGAM:CH2,EFITA:CH2_OZGAM:CH2:R105,,,,,,,,,,,,,
5,8,2.725501,531.50,-1.197345133,EFITA:CH2_OZGAM:CH2,EFITA:CH2_OZGAM:CH2:R108,,,,,,,,,,,,,
5.5,8,2.966574,925.92,-0.697345133,EFITA:CH2_OZGAM:CH2,EFITA:CH2_OZGAM:CH2:R108,,,,,,,,,,,,,
6,8,2.656849,453.78,-0.197345133,EFITA:CH2_OZGAM:CH2,EFITA:CH2_OZGAM:CH2:R108,,,,,,,,,,,,,
6.5,8,3.735061,5433.27,0.302654867,EFITA:CH2_OZGAM:CH2,EFITA:CH2_OZGAM:CH2:R108,,,,,,,,,,,,,
7,8,4.360447,22932.28,0.802654867,EFITA:CH2_OZGAM:CH2,EFITA:CH2_OZGAM:CH2:R108,,,,,,,,,,,,,
7.5,8,4.100746,12610.88,1.302654867,EFITA:CH2_OZGAM:CH2,EFITA:CH2_OZGAM:CH2:R108,,,,,,,,,,,,,
8,8,4.899310,79306.72,1.802654867,EFITA:CH2_OZGAM:CH2,EFITA:CH2_OZGAM:CH2:R108,,,,,,,,,,,,,
5,8,3.279796,1904.57,-1.197345133,EFITA:CH3_OZGAM:CH2B:CH3,EFITA:CH3_OZGAM:CH2B:CH3:R005,,,,,,,,,,,,,
5.5,8,3.292468,1960.96,-0.697345133,EFITA:CH3_OZGAM:CH2B:CH3,EFITA:CH3_OZGAM:CH2B:CH3:R005,,,,,,,,,,,,,
6,8,1.963377,91.91,-0.197345133,EFITA:CH3_OZGAM:CH2B:CH3,EFITA:CH3_OZGAM:CH2B:CH3:R005,,,,,,,,,,,,,
6.5,8,4.131389,13532.84,0.302654867,EFITA:CH3_OZGAM:CH2B:CH3,EFITA:CH3_OZGAM:CH2B:CH3:R005,,,,,,,,,,,,,
7,8,4.588732,38791.06,0.802654867,EFITA:CH3_OZGAM:CH2B:CH3,EFITA:CH3_OZGAM:CH2B:CH3:R005,,,,,,,,,,,,,
7.5,8,4.158800,14414.50,1.302654867,EFITA:CH3_OZGAM:CH2B:CH3,EFITA:CH3_OZGAM:CH2B:CH3:R005,,,,,,,,,,,,,
8,8,5.033348,107981.28,1.802654867,EFITA:CH3_OZGAM:CH2B:CH3,EFITA:CH3_OZGAM:CH2B:CH3:R005,,,,,,,,,,,,,
4,8,0.795532,6.24,-2.197345133,EFITA:CH3_OZGAM:CH2B:CH3,EFITA:CH3_OZGAM:CH2B:CH3:R006,,,,,,,,,,,,,
5,8,2.712078,515.32,-1.197345133,EFITA:CH3_OZGAM:CH2B:CH3,EFITA:CH3_OZGAM:CH2B:CH3:R006,,,,,,,,,,,,,
5.5,8,2.935541,862.07,-0.697345133,EFITA:CH3_OZGAM:CH2B:CH3,EFITA:CH3_OZGAM:CH2B:CH3:R006,,,,,,,,,,,,,
6,8,1.955951,90.35,-0.197345133,EFITA:CH3_OZGAM:CH2B:CH3,EFITA:CH3_OZGAM:CH2B:CH3:R006,,,,,,,,,,,,,
6.5,8,3.440542,2757.67,0.302654867,EFITA:CH3_OZGAM:CH2B:CH3,EFITA:CH3_OZGAM:CH2B:CH3:R006,,,,,,,,,,,,,
7,8,3.889704,7757.19,0.802654867,EFITA:CH3_OZGAM:CH2B:CH3,EFITA:CH3_OZGAM:CH2B:CH3:R006,,,,,,,,,,,,,
7.5,8,3.422582,2645.95,1.302654867,EFITA:CH3_OZGAM:CH2B:CH3,EFITA:CH3_OZGAM:CH2B:CH3:R006,,,,,,,,,,,,,
8,8,4.161806,14514.63,1.802654867,EFITA:CH3_OZGAM:CH2B:CH3,EFITA:CH3_OZGAM:CH2B:CH3:R006,,,,,,,,,,,,,
4,8,0.874094,7.48,-2.197345133,EFITA:CH3_OZGAM:CH2B:CH3,EFITA:CH3_OZGAM:CH2B:CH3:R106,,,,,,,,,,,,,
5,8,2.045693,111.09,-1.197345133,EFITA:CH3_OZGAM:CH2B:CH3,EFITA:CH3_OZGAM:CH2B:CH3:R106,,,,,,,,,,,,,
5.5,8,2.271164,186.71,-0.697345133,EFITA:CH3_OZGAM:CH2B:CH3,EFITA:CH3_OZGAM:CH2B:CH3:R106,,,,,,,,,,,,,
6,8,1.884984,76.73,-0.197345133,EFITA:CH3_OZGAM:CH2B:CH3,EFITA:CH3_OZGAM:CH2B:CH3:R106,,,,,,,,,,,,,
6.5,8,2.787754,613.42,0.302654867,EFITA:CH3_OZGAM:CH2B:CH3,EFITA:CH3_OZGAM:CH2B:CH3:R106,,,,,,,,,,,,,
7,8,3.264075,1836.86,0.802654867,EFITA:CH3_OZGAM:CH2B:CH3,EFITA:CH3_OZGAM:CH2B:CH3:R106,,,,,,,,,,,,,
7.5,8,2.396413,249.12,1.302654867,EFITA:CH3_OZGAM:CH2B:CH3,EFITA:CH3_OZGAM:CH2B:CH3:R106,,,,,,,,,,,,,
8,8,3.304185,2014.58,1.802654867,EFITA:CH3_OZGAM:CH2B:CH3,EFITA:CH3_OZGAM:CH2B:CH3:R106,,,,,,,,,,,,,
5,8,3.023405,1055.37,-1.197345133,EFITA:CH3_OZGAM:CH2B:CH3,EFITA:CH3_OZGAM:CH2B:CH3:R107,,,,,,,,,,,,,
5.5,8,2.640974,437.50,-0.697345133,EFITA:CH3_OZGAM:CH2B:CH3,EFITA:CH3_OZGAM:CH2B:CH3:R107,,,,,,,,,,,,,
6,8,2.196551,157.24,-0.197345133,EFITA:CH3_OZGAM:CH2B:CH3,EFITA:CH3_OZGAM:CH2B:CH3:R107,,,,,,,,,,,,,
6.5,8,4.082754,12099.13,0.302654867,EFITA:CH3_OZGAM:CH2B:CH3,EFITA:CH3_OZGAM:CH2B:CH3:R107,,,,,,,,,,,,,
7,8,4.271886,18701.93,0.802654867,EFITA:CH3_OZGAM:CH2B:CH3,EFITA:CH3_OZGAM:CH2B:CH3:R107,,,,,,,,,,,,,
7.5,8,3.854813,7158.36,1.302654867,EFITA:CH3_OZGAM:CH2B:CH3,EFITA:CH3_OZGAM:CH2B:CH3:R107,,,,,,,,,,,,,
8,8,4.830093,67622.82,1.802654867,EFITA:CH3_OZGAM:CH2B:CH3,EFITA:CH3_OZGAM:CH2B:CH3:R107,,,,,,,,,,,,,
4,8,1.959748,91.15,-2.197345133,EFITA:CH3_OZGAM:CH2B:CH3,EFITA:CH3_OZGAM:CH2B:CH3:R109,,,,,,,,,,,,,
5,8,2.731202,538.52,-1.197345133,EFITA:CH3_OZGAM:CH2B:CH3,EFITA:CH3_OZGAM:CH2B:CH3:R109,,,,,,,,,,,,,
5.5,8,3.204397,1601.02,-0.697345133,EFITA:CH3_OZGAM:CH2B:CH3,EFITA:CH3_OZGAM:CH2B:CH3:R109,,,,,,,,,,,,,
6,8,2.458227,287.23,-0.197345133,EFITA:CH3_OZGAM:CH2B:CH3,EFITA:CH3_OZGAM:CH2B:CH3:R109,,,,,,,,,,,,,
6.5,8,4.002893,10066.83,0.302654867,EFITA:CH3_OZGAM:CH2B:CH3,EFITA:CH3_OZGAM:CH2B:CH3:R109,,,,,,,,,,,,,
7,8,4.367405,23302.64,0.802654867,EFITA:CH3_OZGAM:CH2B:CH3,EFITA:CH3_OZGAM:CH2B:CH3:R109,,,,,,,,,,,,,
7.5,8,3.870484,7421.37,1.302654867,EFITA:CH3_OZGAM:CH2B:CH3,EFITA:CH3_OZGAM:CH2B:CH3:R109,,,,,,,,,,,,,
8,8,4.500593,31666.02,1.802654867,EFITA:CH3_OZGAM:CH2B:CH3,EFITA:CH3_OZGAM:CH2B:CH3:R109,,,,,,,,,,,,,
5,8,3.105907,1276.17,-1.197345133,EFITA:CH3_OZGAM:CH2B:CH3,EFITA:CH3_OZGAM:CH2B:CH3:R110,,,,,,,,,,,,,
5.5,8,3.122012,1324.38,-0.697345133,EFITA:CH3_OZGAM:CH2B:CH3,EFITA:CH3_OZGAM:CH2B:CH3:R110,,,,,,,,,,,,,
6,8,2.158488,144.04,-0.197345133,EFITA:CH3_OZGAM:CH2B:CH3,EFITA:CH3_OZGAM:CH2B:CH3:R110,,,,,,,,,,,,,
6.5,8,3.844819,6995.50,0.302654867,EFITA:CH3_OZGAM:CH2B:CH3,EFITA:CH3_OZGAM:CH2B:CH3:R110,,,,,,,,,,,,,
7,8,4.393652,24754.38,0.802654867,EFITA:CH3_OZGAM:CH2B:CH3,EFITA:CH3_OZGAM:CH2B:CH3:R110,,,,,,,,,,,,,
7.5,8,3.881067,7604.44,1.302654867,EFITA:CH3_OZGAM:CH2B:CH3,EFITA:CH3_OZGAM:CH2B:CH3:R110,,,,,,,,,,,,,
8,8,4.467166,29320.16,1.802654867,EFITA:CH3_OZGAM:CH2B:CH3,EFITA:CH3_OZGAM:CH2B:CH3:R110,,,,,,,,,,,,,
4,8,1.779714,60.22,-2.197345133,EFITA:CH3_OZGAM:CH2B:CH3,EFITA:CH3_OZGAM:CH2B:CH3:R111,,,,,,,,,,,,,
5,8,2.449165,281.30,-1.197345133,EFITA:CH3_OZGAM:CH2B:CH3,EFITA:CH3_OZGAM:CH2B:CH3:R111,,,,,,,,,,,,,
5.5,8,1.505150,32.00,-0.697345133,EFITA:CH3_OZGAM:CH2B:CH3,EFITA:CH3_OZGAM:CH2B:CH3:R111,,,,,,,,,,,,,
6,8,2.652789,449.56,-0.197345133,EFITA:CH3_OZGAM:CH2B:CH3,EFITA:CH3_OZGAM:CH2B:CH3:R111,,,,,,,,,,,,,
6.5,8,2.868128,738.12,0.302654867,EFITA:CH3_OZGAM:CH2B:CH3,EFITA:CH3_OZGAM:CH2B:CH3:R111,,,,,,,,,,,,,
7,8,3.521253,3320.88,0.802654867,EFITA:CH3_OZGAM:CH2B:CH3,EFITA:CH3_OZGAM:CH2B:CH3:R111,,,,,,,,,,,,,
7.5,8,3.163733,1457.92,1.302654867,EFITA:CH3_OZGAM:CH2B:CH3,EFITA:CH3_OZGAM:CH2B:CH3:R111,,,,,,,,,,,,,
8,8,3.593591,3922.75,1.802654867,EFITA:CH3_OZGAM:CH2B:CH3,EFITA:CH3_OZGAM:CH2B:CH3:R111,,,,,,,,,,,,,
4,7,1.740291,54.99,-2.197345133,KAE609:CH1,KAE609:CH1:S002,,,,,,,,,,,,,
4.5,7,1.505150,32.00,-1.697345133,KAE609:CH1,KAE609:CH1:S002,,,,,,,,,,,,,
5,7,2.533197,341.35,-1.197345133,KAE609:CH1,KAE609:CH1:S002,,,,,,,,,,,,,
5.5,7,3.039315,1094.75,-0.697345133,KAE609:CH1,KAE609:CH1:S002,,,,,,,,,,,,,
6,7,1.886454,76.99,-0.197345133,KAE609:CH1,KAE609:CH1:S002,,,,,,,,,,,,,
6.5,7,3.523147,3335.39,0.302654867,KAE609:CH1,KAE609:CH1:S002,,,,,,,,,,,,,
7,7,4.053898,11321.35,0.802654867,KAE609:CH1,KAE609:CH1:S002,,,,,,,,,,,,,
4,7,1.123987,13.30,-2.197345133,KAE609:CH1,KAE609:CH1:S003,,,,,,,,,,,,,
4.5,7,1.505150,32.00,-1.697345133,KAE609:CH1,KAE609:CH1:S003,,,,,,,,,,,,,
5,7,2.351938,224.87,-1.197345133,KAE609:CH1,KAE609:CH1:S003,,,,,,,,,,,,,
5.5,7,2.671304,469.14,-0.697345133,KAE609:CH1,KAE609:CH1:S003,,,,,,,,,,,,,
6,7,0.984241,9.64,-0.197345133,KAE609:CH1,KAE609:CH1:S003,,,,,,,,,,,,,
6.5,7,3.389835,2453.78,0.302654867,KAE609:CH1,KAE609:CH1:S003,,,,,,,,,,,,,
7,7,3.884223,7659.90,0.802654867,KAE609:CH1,KAE609:CH1:S003,,,,,,,,,,,,,
3,7,0.556972,3.61,-3.197345133,KAE609:CH1,KAE609:CH1:S004,,,,,,,,,,,,,
4,7,1.697051,49.78,-2.197345133,KAE609:CH1,KAE609:CH1:S004,,,,,,,,,,,,,
4.5,7,1.505150,32.00,-1.697345133,KAE609:CH1,KAE609:CH1:S004,,,,,,,,,,,,,
5,7,2.187136,153.86,-1.197345133,KAE609:CH1,KAE609:CH1:S004,,,,,,,,,,,,,
5.5,7,3.147429,1404.20,-0.697345133,KAE609:CH1,KAE609:CH1:S004,,,,,,,,,,,,,
6,7,2.092658,123.78,-0.197345133,KAE609:CH1,KAE609:CH1:S004,,,,,,,,,,,,,
6.5,7,3.993769,9857.54,0.302654867,KAE609:CH1,KAE609:CH1:S004,,,,,,,,,,,,,
7,7,4.175593,14982.80,0.802654867,KAE609:CH1,KAE609:CH1:S004,,,,,,,,,,,,,
4,7,1.851818,71.09,-2.197345133,KAE609:CH1,KAE609:CH1:S005,,,,,,,,,,,,,
4.5,7,1.505150,32.00,-1.697345133,KAE609:CH1,KAE609:CH1:S005,,,,,,,,,,,,,
5,7,2.534267,342.19,-1.197345133,KAE609:CH1,KAE609:CH1:S005,,,,,,,,,,,,,
5.5,7,3.106272,1277.24,-0.697345133,KAE609:CH1,KAE609:CH1:S005,,,,,,,,,,,,,
6,7,1.950184,89.16,-0.197345133,KAE609:CH1,KAE609:CH1:S005,,,,,,,,,,,,,
6.5,7,3.989722,9766.13,0.302654867,KAE609:CH1,KAE609:CH1:S005,,,,,,,,,,,,,
7,7,4.183183,15246.95,0.802654867,KAE609:CH1,KAE609:CH1:S005,,,,,,,,,,,,,
5,7,2.313990,206.06,-1.197345133,KAE609:CH1,KAE609:CH1:S006,,,,,,,,,,,,,
5.5,7,2.810006,645.66,-0.697345133,KAE609:CH1,KAE609:CH1:S006,,,,,,,,,,,,,
6,7,0.731199,5.39,-0.197345133,KAE609:CH1,KAE609:CH1:S006,,,,,,,,,,,,,
6.5,7,3.462697,2902.00,0.302654867,KAE609:CH1,KAE609:CH1:S006,,,,,,,,,,,,,
7,7,3.924683,8407.80,0.802654867,KAE609:CH1,KAE609:CH1:S006,,,,,,,,,,,,,
4,7,1.423169,26.50,-2.197345133,KAE609:CH1,KAE609:CH1:S007,,,,,,,,,,,,,
4.5,7,1.505150,32.00,-1.697345133,KAE609:CH1,KAE609:CH1:S007,,,,,,,,,,,,,
5,7,2.682268,481.14,-1.197345133,KAE609:CH1,KAE609:CH1:S007,,,,,,,,,,,,,
5.5,7,2.950914,893.13,-0.697345133,KAE609:CH1,KAE609:CH1:S007,,,,,,,,,,,,,
6,7,2.092360,123.70,-0.197345133,KAE609:CH1,KAE609:CH1:S007,,,,,,,,,,,,,
6.5,7,3.385746,2430.78,0.302654867,KAE609:CH1,KAE609:CH1:S007,,,,,,,,,,,,,
7,7,4.133102,13586.33,0.802654867,KAE609:CH1,KAE609:CH1:S007,,,,,,,,,,,,,
4,7,1.703270,50.50,-2.197345133,KAE609:CH1,KAE609:CH1:S008,,,,,,,,,,,,,
4.5,7,1.505150,32.00,-1.697345133,KAE609:CH1,KAE609:CH1:S008,,,,,,,,,,,,,
5,7,1.146128,14.00,-1.197345133,KAE609:CH1,KAE609:CH1:S008,,,,,,,,,,,,,
5.5,7,2.329949,213.77,-0.697345133,KAE609:CH1,KAE609:CH1:S008,,,,,,,,,,,,,
6,7,1.655240,45.21,-0.197345133,KAE609:CH1,KAE609:CH1:S008,,,,,,,,,,,,,
6.5,7,2.501644,317.43,0.302654867,KAE609:CH1,KAE609:CH1:S008,,,,,,,,,,,,,
7,7,3.389907,2454.18,0.802654867,KAE609:CH1,KAE609:CH1:S008,,,,,,,,,,,,,
4,7,1.684608,48.37,-2.197345133,KAE609:CH1,KAE609:CH1:S009,,,,,,,,,,,,,
4.5,7,1.505150,32.00,-1.697345133,KAE609:CH1,KAE609:CH1:S009,,,,,,,,,,,,,
5,7,2.340349,218.95,-1.197345133,KAE609:CH1,KAE609:CH1:S009,,,,,,,,,,,,,
5.5,7,2.903602,800.94,-0.697345133,KAE609:CH1,KAE609:CH1:S009,,,,,,,,,,,,,
6,7,2.207386,161.21,-0.197345133,KAE609:CH1,KAE609:CH1:S009,,,,,,,,,,,,,
6.5,7,3.483139,3041.86,0.302654867,KAE609:CH1,KAE609:CH1:S009,,,,,,,,,,,,,
7,7,4.132634,13571.69,0.802654867,KAE609:CH1,KAE609:CH1:S009,,,,,,,,,,,,,
4,7,0.866197,7.35,-2.197345133,DSMOZ_2:CH1,DSMOZ_2:CH1:S002,,,,,,,,,,,,,
5,7,2.619522,416.41,-1.197345133,DSMOZ_2:CH1,DSMOZ_2:CH1:S002,,,,,,,,,,,,,
5.5,7,2.784728,609.16,-0.697345133,DSMOZ_2:CH1,DSMOZ_2:CH1:S002,,,,,,,,,,,,,
6,7,2.338438,217.99,-0.197345133,DSMOZ_2:CH1,DSMOZ_2:CH1:S002,,,,,,,,,,,,,
6.5,7,3.119416,1316.48,0.302654867,DSMOZ_2:CH1,DSMOZ_2:CH1:S002,,,,,,,,,,,,,
7,7,3.921721,8350.67,0.802654867,DSMOZ_2:CH1,DSMOZ_2:CH1:S002,,,,,,,,,,,,,
4,7,1.948153,88.75,-2.197345133,DSMOZ_2:CH1,DSMOZ_2:CH1:S003,,,,,,,,,,,,,
5,7,3.132031,1355.29,-1.197345133,DSMOZ_2:CH1,DSMOZ_2:CH1:S003,,,,,,,,,,,,,
5.5,7,3.264854,1840.15,-0.697345133,DSMOZ_2:CH1,DSMOZ_2:CH1:S003,,,,,,,,,,,,,
6,7,2.723877,529.51,-0.197345133,DSMOZ_2:CH1,DSMOZ_2:CH1:S003,,,,,,,,,,,,,
6.5,7,3.955105,9017.88,0.302654867,DSMOZ_2:CH1,DSMOZ_2:CH1:S003,,,,,,,,,,,,,
7,7,4.787865,61357.09,0.802654867,DSMOZ_2:CH1,DSMOZ_2:CH1:S003,,,,,,,,,,,,,
4,7,1.354635,22.63,-2.197345133,DSMOZ_2:CH1,DSMOZ_2:CH1:S008,,,,,,,,,,,,,
5,7,2.941820,874.62,-1.197345133,DSMOZ_2:CH1,DSMOZ_2:CH1:S008,,,,,,,,,,,,,
6,7,2.445057,278.65,-0.197345133,DSMOZ_2:CH1,DSMOZ_2:CH1:S008,,,,,,,,,,,,,
6.5,7,2.987065,970.66,0.302654867,DSMOZ_2:CH1,DSMOZ_2:CH1:S008,,,,,,,,,,,,,
7,7,4.218279,16530.24,0.802654867,DSMOZ_2:CH1,DSMOZ_2:CH1:S008,,,,,,,,,,,,,
4,7,0.00,1.00,-2.197345133,DSMOZ_2:CH1,DSMOZ_2:CH1:S010,,,,,,,,,,,,,
5,7,1.155877,14.32,-1.197345133,DSMOZ_2:CH1,DSMOZ_2:CH1:S010,,,,,,,,,,,,,
5.5,7,1.931899,85.49,-0.697345133,DSMOZ_2:CH1,DSMOZ_2:CH1:S010,,,,,,,,,,,,,
6,7,0.896196,7.87,-0.197345133,DSMOZ_2:CH1,DSMOZ_2:CH1:S010,,,,,,,,,,,,,
6.5,7,1.833259,68.12,0.302654867,DSMOZ_2:CH1,DSMOZ_2:CH1:S010,,,,,,,,,,,,,
7,7,3.090001,1230.27,0.802654867,DSMOZ_2:CH1,DSMOZ_2:CH1:S010,,,,,,,,,,,,,
4,7,2.148113,140.64,-2.197345133,DSMOZ_2:CH1,DSMOZ_2:CH1:S012,,,,,,,,,,,,,
5,7,2.605420,403.11,-1.197345133,DSMOZ_2:CH1,DSMOZ_2:CH1:S012,,,,,,,,,,,,,
5.5,7,2.713093,516.53,-0.697345133,DSMOZ_2:CH1,DSMOZ_2:CH1:S012,,,,,,,,,,,,,
6,7,2.310255,204.29,-0.197345133,DSMOZ_2:CH1,DSMOZ_2:CH1:S012,,,,,,,,,,,,,
6.5,7,2.393376,247.39,0.302654867,DSMOZ_2:CH1,DSMOZ_2:CH1:S012,,,,,,,,,,,,,
7,7,3.581941,3818.92,0.802654867,DSMOZ_2:CH1,DSMOZ_2:CH1:S012,,,,,,,,,,,,,
4,7,0.745681,5.57,-2.197345133,DSMOZ_2:CH1,DSMOZ_2:CH1:S013,,,,,,,,,,,,,
5,7,2.965318,923.25,-1.197345133,DSMOZ_2:CH1,DSMOZ_2:CH1:S013,,,,,,,,,,,,,
5.5,7,2.685164,484.36,-0.697345133,DSMOZ_2:CH1,DSMOZ_2:CH1:S013,,,,,,,,,,,,,
6,7,2.461526,289.42,-0.197345133,DSMOZ_2:CH1,DSMOZ_2:CH1:S013,,,,,,,,,,,,,
6.5,7,3.603907,4017.05,0.302654867,DSMOZ_2:CH1,DSMOZ_2:CH1:S013,,,,,,,,,,,,,
7,7,4.289576,19479.43,0.802654867,DSMOZ_2:CH1,DSMOZ_2:CH1:S013,,,,,,,,,,,,,
4,7,0.00,1.00,-2.197345133,DSMOZ_2:CH1,DSMOZ_2:CH1:S014,,,,,,,,,,,,,
5,7,2.557130,360.69,-1.197345133,DSMOZ_2:CH1,DSMOZ_2:CH1:S014,,,,,,,,,,,,,
5.5,7,2.576877,377.47,-0.697345133,DSMOZ_2:CH1,DSMOZ_2:CH1:S014,,,,,,,,,,,,,
6,7,0.937531,8.66,-0.197345133,DSMOZ_2:CH1,DSMOZ_2:CH1:S014,,,,,,,,,,,,,
6.5,7,2.697555,498.37,0.302654867,DSMOZ_2:CH1,DSMOZ_2:CH1:S014,,,,,,,,,,,,,
7,7,3.375109,2371.97,0.802654867,DSMOZ_2:CH1,DSMOZ_2:CH1:S014,,,,,,,,,,,,,
4,8,2.225032,167.89,-2.197345133,SJ733IBSMCS:CH1,SJ733IBSMCS:CH1:R101,,,,,,,,,,,,,
5,8,3.243673,1752.56,-1.197345133,SJ733IBSMCS:CH1,SJ733IBSMCS:CH1:R101,,,,,,,,,,,,,
5.5,8,3.403733,2533.57,-0.697345133,SJ733IBSMCS:CH1,SJ733IBSMCS:CH1:R101,,,,,,,,,,,,,
6,8,2.775089,595.78,-0.197345133,SJ733IBSMCS:CH1,SJ733IBSMCS:CH1:R101,,,,,,,,,,,,,
6.5,8,3.795205,6240.30,0.302654867,SJ733IBSMCS:CH1,SJ733IBSMCS:CH1:R101,,,,,,,,,,,,,
7,8,4.546043,35159.52,0.802654867,SJ733IBSMCS:CH1,SJ733IBSMCS:CH1:R101,,,,,,,,,,,,,
7.5,8,4.246720,17648.99,1.302654867,SJ733IBSMCS:CH1,SJ733IBSMCS:CH1:R101,,,,,,,,,,,,,
8,8,4.920413,83255.54,1.802654867,SJ733IBSMCS:CH1,SJ733IBSMCS:CH1:R101,,,,,,,,,,,,,
5,8,2.693713,493.98,-1.197345133,SJ733IBSMCS:CH1,SJ733IBSMCS:CH1:R102,,,,,,,,,,,,,
5.5,8,2.578783,379.13,-0.697345133,SJ733IBSMCS:CH1,SJ733IBSMCS:CH1:R102,,,,,,,,,,,,,
6,8,1.056972,11.40,-0.197345133,SJ733IBSMCS:CH1,SJ733IBSMCS:CH1:R102,,,,,,,,,,,,,
7,8,3.864407,7318.25,0.802654867,SJ733IBSMCS:CH1,SJ733IBSMCS:CH1:R102,,,,,,,,,,,,,
7.5,8,3.117604,1311.00,1.302654867,SJ733IBSMCS:CH1,SJ733IBSMCS:CH1:R102,,,,,,,,,,,,,
8,8,4.263773,18355.80,1.802654867,SJ733IBSMCS:CH1,SJ733IBSMCS:CH1:R102,,,,,,,,,,,,,
5,8,2.685586,484.83,-1.197345133,SJ733IBSMCS:CH1,SJ733IBSMCS:CH1:R103,,,,,,,,,,,,,
5.5,8,2.793896,622.15,-0.697345133,SJ733IBSMCS:CH1,SJ733IBSMCS:CH1:R103,,,,,,,,,,,,,
6,8,2.327185,212.41,-0.197345133,SJ733IBSMCS:CH1,SJ733IBSMCS:CH1:R103,,,,,,,,,,,,,
6.5,8,3.637717,4342.27,0.302654867,SJ733IBSMCS:CH1,SJ733IBSMCS:CH1:R103,,,,,,,,,,,,,
7,8,3.930265,8516.58,0.802654867,SJ733IBSMCS:CH1,SJ733IBSMCS:CH1:R103,,,,,,,,,,,,,
7.5,8,3.534196,3421.34,1.302654867,SJ733IBSMCS:CH1,SJ733IBSMCS:CH1:R103,,,,,,,,,,,,,
8,8,4.229781,16973.88,1.802654867,SJ733IBSMCS:CH1,SJ733IBSMCS:CH1:R103,,,,,,,,,,,,,
4,8,0.836049,6.86,-2.197345133,SJ733IBSMCS:CH1,SJ733IBSMCS:CH1:R104,,,,,,,,,,,,,
5,8,2.865883,734.32,-1.197345133,SJ733IBSMCS:CH1,SJ733IBSMCS:CH1:R104,,,,,,,,,,,,,
5.5,8,2.707820,510.29,-0.697345133,SJ733IBSMCS:CH1,SJ733IBSMCS:CH1:R104,,,,,,,,,,,,,
6,8,1.923169,83.79,-0.197345133,SJ733IBSMCS:CH1,SJ733IBSMCS:CH1:R104,,,,,,,,,,,,,
6.5,8,3.600413,3984.85,0.302654867,SJ733IBSMCS:CH1,SJ733IBSMCS:CH1:R104,,,,,,,,,,,,,
7,8,3.831920,6790.79,0.802654867,SJ733IBSMCS:CH1,SJ733IBSMCS:CH1:R104,,,,,,,,,,,,,
7.5,8,3.327801,2127.17,1.302654867,SJ733IBSMCS:CH1,SJ733IBSMCS:CH1:R104,,,,,,,,,,,,,
8,8,4.582477,38236.37,1.802654867,SJ733IBSMCS:CH1,SJ733IBSMCS:CH1:R104,,,,,,,,,,,,,
4,8,1.362956,23.07,-2.197345133,SJ733IBSMCS:CH1,SJ733IBSMCS:CH1:R105,,,,,,,,,,,,,
5,8,2.099466,125.74,-1.197345133,SJ733IBSMCS:CH1,SJ733IBSMCS:CH1:R105,,,,,,,,,,,,,
5.5,8,2.159491,144.37,-0.697345133,SJ733IBSMCS:CH1,SJ733IBSMCS:CH1:R105,,,,,,,,,,,,,
6,8,1.703270,50.50,-0.197345133,SJ733IBSMCS:CH1,SJ733IBSMCS:CH1:R105,,,,,,,,,,,,,
6.5,8,2.637485,434.00,0.302654867,SJ733IBSMCS:CH1,SJ733IBSMCS:CH1:R105,,,,,,,,,,,,,
7,8,3.273614,1877.65,0.802654867,SJ733IBSMCS:CH1,SJ733IBSMCS:CH1:R105,,,,,,,,,,,,,
8,8,3.487699,3073.97,1.802654867,SJ733IBSMCS:CH1,SJ733IBSMCS:CH1:R105,,,,,,,,,,,,,
5,8,1.717763,52.21,-1.197345133,SJ733IBSMCS:CH1,SJ733IBSMCS:CH1:R106,,,,,,,,,,,,,
5.5,8,2.589922,388.98,-0.697345133,SJ733IBSMCS:CH1,SJ733IBSMCS:CH1:R106,,,,,,,,,,,,,
6,8,2.194264,156.41,-0.197345133,SJ733IBSMCS:CH1,SJ733IBSMCS:CH1:R106,,,,,,,,,,,,,
6.5,8,3.068621,1171.17,0.302654867,SJ733IBSMCS:CH1,SJ733IBSMCS:CH1:R106,,,,,,,,,,,,,
7,8,3.363025,2306.88,0.802654867,SJ733IBSMCS:CH1,SJ733IBSMCS:CH1:R106,,,,,,,,,,,,,
7.5,8,2.804511,637.55,1.302654867,SJ733IBSMCS:CH1,SJ733IBSMCS:CH1:R106,,,,,,,,,,,,,
8,8,3.870849,7427.60,1.802654867,SJ733IBSMCS:CH1,SJ733IBSMCS:CH1:R106,,,,,,,,,,,,,
4,8,0.969760,9.33,-2.197345133,SJ733IBSMCS:CH1,SJ733IBSMCS:CH1:R107,,,,,,,,,,,,,
5,8,2.782416,605.92,-1.197345133,SJ733IBSMCS:CH1,SJ733IBSMCS:CH1:R107,,,,,,,,,,,,,
5.5,8,3.023979,1056.77,-0.697345133,SJ733IBSMCS:CH1,SJ733IBSMCS:CH1:R107,,,,,,,,,,,,,
6,8,2.232781,170.92,-0.197345133,SJ733IBSMCS:CH1,SJ733IBSMCS:CH1:R107,,,,,,,,,,,,,
6.5,8,3.288224,1941.89,0.302654867,SJ733IBSMCS:CH1,SJ733IBSMCS:CH1:R107,,,,,,,,,,,,,
7,8,4.186344,15358.33,0.802654867,SJ733IBSMCS:CH1,SJ733IBSMCS:CH1:R107,,,,,,,,,,,,,
7.5,8,3.701087,5024.43,1.302654867,SJ733IBSMCS:CH1,SJ733IBSMCS:CH1:R107,,,,,,,,,,,,,
8,8,4.364128,23127.48,1.802654867,SJ733IBSMCS:CH1,SJ733IBSMCS:CH1:R107,,,,,,,,,,,,,
4,8,0.801030,6.32,-2.197345133,SJ733IBSMCS:CH2,SJ733IBSMCS:CH2:R201,,,,,,,,,,,,,
5,8,1.962140,91.65,-1.197345133,SJ733IBSMCS:CH2,SJ733IBSMCS:CH2:R201,,,,,,,,,,,,,
5.5,8,2.132786,135.76,-0.697345133,SJ733IBSMCS:CH2,SJ733IBSMCS:CH2:R201,,,,,,,,,,,,,
6,8,1.623126,41.99,-0.197345133,SJ733IBSMCS:CH2,SJ733IBSMCS:CH2:R201,,,,,,,,,,,,,
6.5,8,1.576144,37.68,0.302654867,SJ733IBSMCS:CH2,SJ733IBSMCS:CH2:R201,,,,,,,,,,,,,
7,8,3.019588,1046.14,0.802654867,SJ733IBSMCS:CH2,SJ733IBSMCS:CH2:R201,,,,,,,,,,,,,
7.5,8,2.210407,162.33,1.302654867,SJ733IBSMCS:CH2,SJ733IBSMCS:CH2:R201,,,,,,,,,,,,,
8,8,2.801775,633.54,1.802654867,SJ733IBSMCS:CH2,SJ733IBSMCS:CH2:R201,,,,,,,,,,,,,
5,8,1.919519,83.08,-1.197345133,SJ733IBSMCS:CH2,SJ733IBSMCS:CH2:R202,,,,,,,,,,,,,
5.5,8,2.361231,229.74,-0.697345133,SJ733IBSMCS:CH2,SJ733IBSMCS:CH2:R202,,,,,,,,,,,,,
6,8,1.746031,55.72,-0.197345133,SJ733IBSMCS:CH2,SJ733IBSMCS:CH2:R202,,,,,,,,,,,,,
6.5,8,3.308243,2033.50,0.302654867,SJ733IBSMCS:CH2,SJ733IBSMCS:CH2:R202,,,,,,,,,,,,,
7,8,3.572559,3737.31,0.802654867,SJ733IBSMCS:CH2,SJ733IBSMCS:CH2:R202,,,,,,,,,,,,,
7.5,8,3.227723,1689.36,1.302654867,SJ733IBSMCS:CH2,SJ733IBSMCS:CH2:R202,,,,,,,,,,,,,
8,8,4.124813,13329.49,1.802654867,SJ733IBSMCS:CH2,SJ733IBSMCS:CH2:R202,,,,,,,,,,,,,
5,8,1.000000,10.00,-1.197345133,SJ733IBSMCS:CH2,SJ733IBSMCS:CH2:R203,,,,,,,,,,,,,
5.5,8,1.772654,59.25,-0.697345133,SJ733IBSMCS:CH2,SJ733IBSMCS:CH2:R203,,,,,,,,,,,,,
6,8,0.723579,5.29,-0.197345133,SJ733IBSMCS:CH2,SJ733IBSMCS:CH2:R203,,,,,,,,,,,,,
6.5,8,2.109740,128.75,0.302654867,SJ733IBSMCS:CH2,SJ733IBSMCS:CH2:R203,,,,,,,,,,,,,
7,8,2.999630,999.15,0.802654867,SJ733IBSMCS:CH2,SJ733IBSMCS:CH2:R203,,,,,,,,,,,,,
7.5,8,2.769126,587.66,1.302654867,SJ733IBSMCS:CH2,SJ733IBSMCS:CH2:R203,,,,,,,,,,,,,
8,8,2.840837,693.17,1.802654867,SJ733IBSMCS:CH2,SJ733IBSMCS:CH2:R203,,,,,,,,,,,,,
5,8,2.294013,196.79,-1.197345133,SJ733IBSMCS:CH2,SJ733IBSMCS:CH2:R205,,,,,,,,,,,,,
5.5,8,2.070442,117.61,-0.697345133,SJ733IBSMCS:CH2,SJ733IBSMCS:CH2:R205,,,,,,,,,,,,,
6,8,1.773271,59.33,-0.197345133,SJ733IBSMCS:CH2,SJ733IBSMCS:CH2:R205,,,,,,,,,,,,,
6.5,8,2.888400,773.39,0.302654867,SJ733IBSMCS:CH2,SJ733IBSMCS:CH2:R205,,,,,,,,,,,,,
7,8,3.724999,5308.83,0.802654867,SJ733IBSMCS:CH2,SJ733IBSMCS:CH2:R205,,,,,,,,,,,,,
7.5,8,3.450665,2822.70,1.302654867,SJ733IBSMCS:CH2,SJ733IBSMCS:CH2:R205,,,,,,,,,,,,,
8,8,3.877094,7535.18,1.802654867,SJ733IBSMCS:CH2,SJ733IBSMCS:CH2:R205,,,,,,,,,,,,,
4,8,1.829197,67.48,-2.197345133,SJ733IBSMCS:CH2,SJ733IBSMCS:CH2:R206,,,,,,,,,,,,,
5,8,2.150319,141.36,-1.197345133,SJ733IBSMCS:CH2,SJ733IBSMCS:CH2:R206,,,,,,,,,,,,,
5.5,8,2.140971,138.35,-0.697345133,SJ733IBSMCS:CH2,SJ733IBSMCS:CH2:R206,,,,,,,,,,,,,
6,8,0.831379,6.78,-0.197345133,SJ733IBSMCS:CH2,SJ733IBSMCS:CH2:R206,,,,,,,,,,,,,
6.5,8,2.578293,378.70,0.302654867,SJ733IBSMCS:CH2,SJ733IBSMCS:CH2:R206,,,,,,,,,,,,,
7,8,3.355888,2269.28,0.802654867,SJ733IBSMCS:CH2,SJ733IBSMCS:CH2:R206,,,,,,,,,,,,,
7.5,8,2.977343,949.17,1.302654867,SJ733IBSMCS:CH2,SJ733IBSMCS:CH2:R206,,,,,,,,,,,,,
8,8,3.408609,2562.18,1.802654867,SJ733IBSMCS:CH2,SJ733IBSMCS:CH2:R206,,,,,,,,,,,,,
4,8,1.618772,41.57,-2.197345133,SJ733IBSMCS:CH2,SJ733IBSMCS:CH2:R207,,,,,,,,,,,,,
5,8,0.772034,5.92,-1.197345133,SJ733IBSMCS:CH2,SJ733IBSMCS:CH2:R207,,,,,,,,,,,,,
5.5,8,1.972241,93.81,-0.697345133,SJ733IBSMCS:CH2,SJ733IBSMCS:CH2:R207,,,,,,,,,,,,,
6,8,1.498256,31.50,-0.197345133,SJ733IBSMCS:CH2,SJ733IBSMCS:CH2:R207,,,,,,,,,,,,,
6.5,8,2.509200,323.00,0.302654867,SJ733IBSMCS:CH2,SJ733IBSMCS:CH2:R207,,,,,,,,,,,,,
7,8,3.214222,1637.65,0.802654867,SJ733IBSMCS:CH2,SJ733IBSMCS:CH2:R207,,,,,,,,,,,,,
7.5,8,2.946131,883.35,1.302654867,SJ733IBSMCS:CH2,SJ733IBSMCS:CH2:R207,,,,,,,,,,,,,
8,8,3.613274,4104.63,1.802654867,SJ733IBSMCS:CH2,SJ733IBSMCS:CH2:R207,,,,,,,,,,,,,
4,8,0.831379,6.78,-2.197345133,SJ733IBSMCS:CH2,SJ733IBSMCS:CH2:R208,,,,,,,,,,,,,
5,8,2.762594,578.89,-1.197345133,SJ733IBSMCS:CH2,SJ733IBSMCS:CH2:R208,,,,,,,,,,,,,
5.5,8,2.731160,538.47,-0.697345133,SJ733IBSMCS:CH2,SJ733IBSMCS:CH2:R208,,,,,,,,,,,,,
6,8,2.257937,181.11,-0.197345133,SJ733IBSMCS:CH2,SJ733IBSMCS:CH2:R208,,,,,,,,,,,,,
6.5,8,3.636517,4330.29,0.302654867,SJ733IBSMCS:CH2,SJ733IBSMCS:CH2:R208,,,,,,,,,,,,,
7,8,4.196204,15711.00,0.802654867,SJ733IBSMCS:CH2,SJ733IBSMCS:CH2:R208,,,,,,,,,,,,,
7.5,8,3.887959,7726.08,1.302654867,SJ733IBSMCS:CH2,SJ733IBSMCS:CH2:R208,,,,,,,,,,,,,
8,8,4.645885,44247.10,1.802654867,SJ733IBSMCS:CH2,SJ733IBSMCS:CH2:R208,,,,,,,,,,,,,
5,8,2.335457,216.50,-1.197345133,SJ733IBSMCS:CH2B,SJ733IBSMCS:CH2B:R209,,,,,,,,,,,,,
5.5,8,2.601936,399.89,-0.697345133,SJ733IBSMCS:CH2B,SJ733IBSMCS:CH2B:R209,,,,,,,,,,,,,
6,8,1.002161,10.05,-0.197345133,SJ733IBSMCS:CH2B,SJ733IBSMCS:CH2B:R209,,,,,,,,,,,,,
6.5,8,2.992188,982.17,0.302654867,SJ733IBSMCS:CH2B,SJ733IBSMCS:CH2B:R209,,,,,,,,,,,,,
7,8,3.794861,6235.35,0.802654867,SJ733IBSMCS:CH2B,SJ733IBSMCS:CH2B:R209,,,,,,,,,,,,,
7.5,8,3.710775,5137.77,1.302654867,SJ733IBSMCS:CH2B,SJ733IBSMCS:CH2B:R209,,,,,,,,,,,,,
8,8,4.104671,12725.38,1.802654867,SJ733IBSMCS:CH2B,SJ733IBSMCS:CH2B:R209,,,,,,,,,,,,,
5,8,2.057539,114.17,-1.197345133,SJ733IBSMCS:CH2B,SJ733IBSMCS:CH2B:R210,,,,,,,,,,,,,
5.5,8,2.493404,311.46,-0.697345133,SJ733IBSMCS:CH2B,SJ733IBSMCS:CH2B:R210,,,,,,,,,,,,,
6,8,2.474050,297.89,-0.197345133,SJ733IBSMCS:CH2B,SJ733IBSMCS:CH2B:R210,,,,,,,,,,,,,
6.5,8,2.465607,292.15,0.302654867,SJ733IBSMCS:CH2B,SJ733IBSMCS:CH2B:R210,,,,,,,,,,,,,
7,8,3.502992,3184.14,0.802654867,SJ733IBSMCS:CH2B,SJ733IBSMCS:CH2B:R210,,,,,,,,,,,,,
7.5,8,3.002293,1005.29,1.302654867,SJ733IBSMCS:CH2B,SJ733IBSMCS:CH2B:R210,,,,,,,,,,,,,
8,8,3.479207,3014.44,1.802654867,SJ733IBSMCS:CH2B,SJ733IBSMCS:CH2B:R210,,,,,,,,,,,,,
4,8,2.242363,174.73,-2.197345133,MMV048_PartB:CH1,MMV048_PartB:CH1:R401,,,,,,,,,,,,,
5,8,3.087613,1223.52,-1.197345133,MMV048_PartB:CH1,MMV048_PartB:CH1:R401,,,,,,,,,,,,,
5.5,8,1.781087,60.41,-0.697345133,MMV048_PartB:CH1,MMV048_PartB:CH1:R401,,,,,,,,,,,,,
6,8,3.062259,1154.14,-0.197345133,MMV048_PartB:CH1,MMV048_PartB:CH1:R401,,,,,,,,,,,,,
6.5,8,3.937286,8655.38,0.302654867,MMV048_PartB:CH1,MMV048_PartB:CH1:R401,,,,,,,,,,,,,
7,8,4.132743,13575.10,0.802654867,MMV048_PartB:CH1,MMV048_PartB:CH1:R401,,,,,,,,,,,,,
7.5,8,3.987819,9723.43,1.302654867,MMV048_PartB:CH1,MMV048_PartB:CH1:R401,,,,,,,,,,,,,
8,8,4.627314,42394.97,1.802654867,MMV048_PartB:CH1,MMV048_PartB:CH1:R401,,,,,,,,,,,,,
4,8,0.931661,8.54,-2.197345133,MMV048_PartB:CH1,MMV048_PartB:CH1:R402,,,,,,,,,,,,,
5,8,2.473594,297.57,-1.197345133,MMV048_PartB:CH1,MMV048_PartB:CH1:R402,,,,,,,,,,,,,
5.5,8,2.116269,130.70,-0.697345133,MMV048_PartB:CH1,MMV048_PartB:CH1:R402,,,,,,,,,,,,,
6,8,2.690626,490.49,-0.197345133,MMV048_PartB:CH1,MMV048_PartB:CH1:R402,,,,,,,,,,,,,
6.5,8,3.164497,1460.48,0.302654867,MMV048_PartB:CH1,MMV048_PartB:CH1:R402,,,,,,,,,,,,,
7,8,3.321927,2098.59,0.802654867,MMV048_PartB:CH1,MMV048_PartB:CH1:R402,,,,,,,,,,,,,
7.5,8,3.282055,1914.50,1.302654867,MMV048_PartB:CH1,MMV048_PartB:CH1:R402,,,,,,,,,,,,,
8,8,3.767137,5849.75,1.802654867,MMV048_PartB:CH1,MMV048_PartB:CH1:R402,,,,,,,,,,,,,
4,8,1.979807,95.46,-2.197345133,MMV048_PartB:CH1,MMV048_PartB:CH1:R403,,,,,,,,,,,,,
5,8,3.317729,2078.40,-1.197345133,MMV048_PartB:CH1,MMV048_PartB:CH1:R403,,,,,,,,,,,,,
5.5,8,2.566693,368.72,-0.697345133,MMV048_PartB:CH1,MMV048_PartB:CH1:R403,,,,,,,,,,,,,
6,8,3.308135,2032.99,-0.197345133,MMV048_PartB:CH1,MMV048_PartB:CH1:R403,,,,,,,,,,,,,
6.5,8,3.948838,8888.70,0.302654867,MMV048_PartB:CH1,MMV048_PartB:CH1:R403,,,,,,,,,,,,,
7,8,4.484145,30489.09,0.802654867,MMV048_PartB:CH1,MMV048_PartB:CH1:R403,,,,,,,,,,,,,
7.5,8,4.159794,14447.53,1.302654867,MMV048_PartB:CH1,MMV048_PartB:CH1:R403,,,,,,,,,,,,,
8,8,4.860203,72477.42,1.802654867,MMV048_PartB:CH1,MMV048_PartB:CH1:R403,,,,,,,,,,,,,
4,8,1.066769,11.66,-2.197345133,MMV048_PartB:CH1,MMV048_PartB:CH1:R404,,,,,,,,,,,,,
5,8,2.934249,859.51,-1.197345133,MMV048_PartB:CH1,MMV048_PartB:CH1:R404,,,,,,,,,,,,,
5.5,8,2.409884,256.97,-0.697345133,MMV048_PartB:CH1,MMV048_PartB:CH1:R404,,,,,,,,,,,,,
6,8,2.566362,368.44,-0.197345133,MMV048_PartB:CH1,MMV048_PartB:CH1:R404,,,,,,,,,,,,,
6.5,8,3.639158,4356.70,0.302654867,MMV048_PartB:CH1,MMV048_PartB:CH1:R404,,,,,,,,,,,,,
7,8,4.048529,11182.25,0.802654867,MMV048_PartB:CH1,MMV048_PartB:CH1:R404,,,,,,,,,,,,,
7.5,8,3.744753,5555.89,1.302654867,MMV048_PartB:CH1,MMV048_PartB:CH1:R404,,,,,,,,,,,,,
8,8,4.486100,30626.69,1.802654867,MMV048_PartB:CH1,MMV048_PartB:CH1:R404,,,,,,,,,,,,,
4,8,0.954243,9.00,-2.197345133,MMV048_PartB:CH1,MMV048_PartB:CH1:R405,,,,,,,,,,,,,
5,8,3.188616,1543.89,-1.197345133,MMV048_PartB:CH1,MMV048_PartB:CH1:R405,,,,,,,,,,,,,
5.5,8,2.579862,380.07,-0.697345133,MMV048_PartB:CH1,MMV048_PartB:CH1:R405,,,,,,,,,,,,,
6,8,3.345968,2218.03,-0.197345133,MMV048_PartB:CH1,MMV048_PartB:CH1:R405,,,,,,,,,,,,,
6.5,8,3.955709,9030.45,0.302654867,MMV048_PartB:CH1,MMV048_PartB:CH1:R405,,,,,,,,,,,,,
7,8,4.201507,15904.02,0.802654867,MMV048_PartB:CH1,MMV048_PartB:CH1:R405,,,,,,,,,,,,,
7.5,8,4.052455,11283.78,1.302654867,MMV048_PartB:CH1,MMV048_PartB:CH1:R405,,,,,,,,,,,,,
8,8,4.768277,58651.17,1.802654867,MMV048_PartB:CH1,MMV048_PartB:CH1:R405,,,,,,,,,,,,,
4,8,0.874094,7.48,-2.197345133,MMV048_PartB:CH1,MMV048_PartB:CH1:R406,,,,,,,,,,,,,
5,8,3.033415,1079.98,-1.197345133,MMV048_PartB:CH1,MMV048_PartB:CH1:R406,,,,,,,,,,,,,
5.5,8,2.514050,326.63,-0.697345133,MMV048_PartB:CH1,MMV048_PartB:CH1:R406,,,,,,,,,,,,,
6,8,3.233541,1712.15,-0.197345133,MMV048_PartB:CH1,MMV048_PartB:CH1:R406,,,,,,,,,,,,,
6.5,8,3.995055,9886.79,0.302654867,MMV048_PartB:CH1,MMV048_PartB:CH1:R406,,,,,,,,,,,,,
7,8,4.418419,26207.09,0.802654867,MMV048_PartB:CH1,MMV048_PartB:CH1:R406,,,,,,,,,,,,,
7.5,8,4.001330,10030.68,1.302654867,MMV048_PartB:CH1,MMV048_PartB:CH1:R406,,,,,,,,,,,,,
8,8,4.822792,66495.53,1.802654867,MMV048_PartB:CH1,MMV048_PartB:CH1:R406,,,,,,,,,,,,,
4,8,1.573684,37.47,-2.197345133,MMV048_PartB:CH1,MMV048_PartB:CH1:R407,,,,,,,,,,,,,
5,8,2.877480,754.19,-1.197345133,MMV048_PartB:CH1,MMV048_PartB:CH1:R407,,,,,,,,,,,,,
5.5,8,1.187374,15.39,-0.697345133,MMV048_PartB:CH1,MMV048_PartB:CH1:R407,,,,,,,,,,,,,
6,8,3.070853,1177.21,-0.197345133,MMV048_PartB:CH1,MMV048_PartB:CH1:R407,,,,,,,,,,,,,
6.5,8,3.227747,1689.46,0.302654867,MMV048_PartB:CH1,MMV048_PartB:CH1:R407,,,,,,,,,,,,,
7,8,3.877339,7539.44,0.802654867,MMV048_PartB:CH1,MMV048_PartB:CH1:R407,,,,,,,,,,,,,
7.5,8,3.769434,5880.77,1.302654867,MMV048_PartB:CH1,MMV048_PartB:CH1:R407,,,,,,,,,,,,,
8,8,4.338416,21797.98,1.802654867,MMV048_PartB:CH1,MMV048_PartB:CH1:R407,,,,,,,,,,,,,
5,8,2.212963,163.29,-1.197345133,MMV048_PartB:CH2,MMV048_PartB:CH2:R501,,,,,,,,,,,,,
5.5,8,0.967249,9.27,-0.697345133,MMV048_PartB:CH2,MMV048_PartB:CH2:R501,,,,,,,,,,,,,
6,8,0.849485,7.07,-0.197345133,MMV048_PartB:CH2,MMV048_PartB:CH2:R501,,,,,,,,,,,,,
6.5,8,2.958472,908.81,0.302654867,MMV048_PartB:CH2,MMV048_PartB:CH2:R501,,,,,,,,,,,,,
7,8,3.822356,6642.87,0.802654867,MMV048_PartB:CH2,MMV048_PartB:CH2:R501,,,,,,,,,,,,,
7.5,8,3.569703,3712.81,1.302654867,MMV048_PartB:CH2,MMV048_PartB:CH2:R501,,,,,,,,,,,,,
8,8,4.127183,13402.40,1.802654867,MMV048_PartB:CH2,MMV048_PartB:CH2:R501,,,,,,,,,,,,,
4,8,0.821726,6.63,-2.197345133,MMV048_PartB:CH2,MMV048_PartB:CH2:R502,,,,,,,,,,,,,
5,8,2.451325,282.70,-1.197345133,MMV048_PartB:CH2,MMV048_PartB:CH2:R502,,,,,,,,,,,,,
5.5,8,2.493404,311.46,-0.697345133,MMV048_PartB:CH2,MMV048_PartB:CH2:R502,,,,,,,,,,,,,
6,8,2.051114,112.49,-0.197345133,MMV048_PartB:CH2,MMV048_PartB:CH2:R502,,,,,,,,,,,,,
6.5,8,3.491603,3101.72,0.302654867,MMV048_PartB:CH2,MMV048_PartB:CH2:R502,,,,,,,,,,,,,
7,8,3.819276,6595.93,0.802654867,MMV048_PartB:CH2,MMV048_PartB:CH2:R502,,,,,,,,,,,,,
7.5,8,2.962140,916.52,1.302654867,MMV048_PartB:CH2,MMV048_PartB:CH2:R502,,,,,,,,,,,,,
8,8,4.463738,29089.62,1.802654867,MMV048_PartB:CH2,MMV048_PartB:CH2:R502,,,,,,,,,,,,,
5,8,2.542358,348.62,-1.197345133,MMV048_PartB:CH2,MMV048_PartB:CH2:R503,,,,,,,,,,,,,
5.5,8,2.650031,446.72,-0.697345133,MMV048_PartB:CH2,MMV048_PartB:CH2:R503,,,,,,,,,,,,,
6,8,2.390806,245.93,-0.197345133,MMV048_PartB:CH2,MMV048_PartB:CH2:R503,,,,,,,,,,,,,
6.5,8,3.758312,5732.08,0.302654867,MMV048_PartB:CH2,MMV048_PartB:CH2:R503,,,,,,,,,,,,,
7,8,4.246931,17657.58,0.802654867,MMV048_PartB:CH2,MMV048_PartB:CH2:R503,,,,,,,,,,,,,
7.5,8,3.812911,6499.97,1.302654867,MMV048_PartB:CH2,MMV048_PartB:CH2:R503,,,,,,,,,,,,,
8,8,4.862630,72883.59,1.802654867,MMV048_PartB:CH2,MMV048_PartB:CH2:R503,,,,,,,,,,,,,
5,8,1.910560,81.39,-1.197345133,MMV048_PartB:CH2,MMV048_PartB:CH2:R504,,,,,,,,,,,,,
5.5,8,1.868596,73.89,-0.697345133,MMV048_PartB:CH2,MMV048_PartB:CH2:R504,,,,,,,,,,,,,
6,8,1.745400,55.64,-0.197345133,MMV048_PartB:CH2,MMV048_PartB:CH2:R504,,,,,,,,,,,,,
6.5,8,0.986564,9.70,0.302654867,MMV048_PartB:CH2,MMV048_PartB:CH2:R504,,,,,,,,,,,,,
7,8,3.171546,1484.38,0.802654867,MMV048_PartB:CH2,MMV048_PartB:CH2:R504,,,,,,,,,,,,,
7.5,8,2.663439,460.72,1.302654867,MMV048_PartB:CH2,MMV048_PartB:CH2:R504,,,,,,,,,,,,,
8,8,3.178346,1507.81,1.802654867,MMV048_PartB:CH2,MMV048_PartB:CH2:R504,,,,,,,,,,,,,
4,8,0.731199,5.39,-2.197345133,MMV048_PartB:CH2,MMV048_PartB:CH2:R505,,,,,,,,,,,,,
5,8,2.316492,207.25,-1.197345133,MMV048_PartB:CH2,MMV048_PartB:CH2:R505,,,,,,,,,,,,,
5.5,8,2.771339,590.66,-0.697345133,MMV048_PartB:CH2,MMV048_PartB:CH2:R505,,,,,,,,,,,,,
6,8,1.597118,39.55,-0.197345133,MMV048_PartB:CH2,MMV048_PartB:CH2:R505,,,,,,,,,,,,,
6.5,8,2.645400,441.98,0.302654867,MMV048_PartB:CH2,MMV048_PartB:CH2:R505,,,,,,,,,,,,,
7,8,3.779935,6024.69,0.802654867,MMV048_PartB:CH2,MMV048_PartB:CH2:R505,,,,,,,,,,,,,
7.5,8,3.439511,2751.13,1.302654867,MMV048_PartB:CH2,MMV048_PartB:CH2:R505,,,,,,,,,,,,,
8,8,3.493951,3118.54,1.802654867,MMV048_PartB:CH2,MMV048_PartB:CH2:R505,,,,,,,,,,,,,
4,8,1.878508,75.60,-2.197345133,MMV048_PartB:CH2,MMV048_PartB:CH2:R506,,,,,,,,,,,,,
5,8,2.937561,866.09,-1.197345133,MMV048_PartB:CH2,MMV048_PartB:CH2:R506,,,,,,,,,,,,,
5.5,8,2.709161,511.87,-0.697345133,MMV048_PartB:CH2,MMV048_PartB:CH2:R506,,,,,,,,,,,,,
6,8,2.531764,340.22,-0.197345133,MMV048_PartB:CH2,MMV048_PartB:CH2:R506,,,,,,,,,,,,,
6.5,8,3.962130,9164.95,0.302654867,MMV048_PartB:CH2,MMV048_PartB:CH2:R506,,,,,,,,,,,,,
7,8,4.347970,22282.83,0.802654867,MMV048_PartB:CH2,MMV048_PartB:CH2:R506,,,,,,,,,,,,,
7.5,8,4.264577,18389.79,1.302654867,MMV048_PartB:CH2,MMV048_PartB:CH2:R506,,,,,,,,,,,,,
8,8,4.981598,95851.26,1.802654867,MMV048_PartB:CH2,MMV048_PartB:CH2:R506,,,,,,,,,,,,,
4,8,1.597396,39.57,-2.197345133,MMV048_PartB:CH2,MMV048_PartB:CH2:R507,,,,,,,,,,,,,
5,8,2.531374,339.92,-1.197345133,MMV048_PartB:CH2,MMV048_PartB:CH2:R507,,,,,,,,,,,,,
5.5,8,2.345558,221.59,-0.697345133,MMV048_PartB:CH2,MMV048_PartB:CH2:R507,,,,,,,,,,,,,
6,8,0.849485,7.07,-0.197345133,MMV048_PartB:CH2,MMV048_PartB:CH2:R507,,,,,,,,,,,,,
6.5,8,3.025700,1060.96,0.302654867,MMV048_PartB:CH2,MMV048_PartB:CH2:R507,,,,,,,,,,,,,
7,8,3.570098,3716.19,0.802654867,MMV048_PartB:CH2,MMV048_PartB:CH2:R507,,,,,,,,,,,,,
7.5,8,3.267951,1853.32,1.302654867,MMV048_PartB:CH2,MMV048_PartB:CH2:R507,,,,,,,,,,,,,
8,8,3.985318,9667.60,1.802654867,MMV048_PartB:CH2,MMV048_PartB:CH2:R507,,,,,,,,,,,,,
5,8,2.274256,188.04,-1.197345133,MMV048_PartB:CH2,MMV048_PartB:CH2:R508,,,,,,,,,,,,,
5.5,8,2.411933,258.19,-0.697345133,MMV048_PartB:CH2,MMV048_PartB:CH2:R508,,,,,,,,,,,,,
6,8,2.036529,108.77,-0.197345133,MMV048_PartB:CH2,MMV048_PartB:CH2:R508,,,,,,,,,,,,,
6.5,8,2.634130,430.66,0.302654867,MMV048_PartB:CH2,MMV048_PartB:CH2:R508,,,,,,,,,,,,,
7,8,3.104808,1272.94,0.802654867,MMV048_PartB:CH2,MMV048_PartB:CH2:R508,,,,,,,,,,,,,
7.5,8,3.317388,2076.77,1.302654867,MMV048_PartB:CH2,MMV048_PartB:CH2:R508,,,,,,,,,,,,,
8,8,3.873865,7479.37,1.802654867,MMV048_PartB:CH2,MMV048_PartB:CH2:R508,,,,,,,,,,,,,
,,,,,,,,,,,,,,,,,,,
